,gene_name,Accuracy,Mutation_frequency
0,TP53,0.9473684210526315,0.060869565217391314
