,gene_name,Accuracy,Mutation_frequency
0,TP53,0.27058823529411763,0.533596837944664
