,gene_name,Accuracy,Mutation_frequency
0,KRAS,0.6764705882352942,0.6705882352941176
