,gene_name,Accuracy,Mutation_frequency
0,TP53,0.3939393939393939,0.6060606060606061
