,gene_name,Accuracy,Mutation_frequency
0,BRAF,0.5675675675675675,0.4795698924731184
