,gene_name,Accuracy,Mutation_frequency
0,TP53,0.3176470588235294,0.533596837944664
