,gene_name,Accuracy,Mutation_frequency
0,TP53,0.6470588235294118,0.6885245901639345
