,gene_name,Accuracy,Mutation_frequency
0,TP53,0.6326530612244898,0.3836589698046181
