,gene_name,Accuracy,Mutation_frequency
0,TP53,0.611764705882353,0.533596837944664
