,gene_name,Accuracy,Mutation_frequency
0,IDH1,0.16470588235294117,0.8352941176470585
