,gene_name,Accuracy,Mutation_frequency
0,HRAS,0.9032258064516129,0.0967741935483871
