,gene_name,Accuracy,Mutation_frequency
0,PTEN,0.6712328767123288,0.4536862003780718
