,gene_name,Accuracy,Mutation_frequency
0,TP53,0.35294117647058826,0.533596837944664
