,gene_name,Accuracy,Mutation_frequency
0,PIK3CA,0.7160493827160493,0.2919633774160733
