,gene_name,Accuracy,Mutation_frequency
0,BRAF,0.5402298850574713,0.5482546201232033
