,gene_name,Accuracy,Mutation_frequency
0,IDH1,0.8888888888888888,0.12244897959183673
