,gene_name,Accuracy,Mutation_frequency
0,TP53,0.7222222222222222,0.1282051282051282
