,gene_name,Accuracy,Mutation_frequency
0,TP53,0.6119402985074627,0.4136253041362531
