,gene_name,Accuracy,Mutation_frequency
0,APC,0.559322033898305,0.5413533834586466
