,gene_name,Accuracy,Mutation_frequency
0,TP53,0.3058823529411765,0.533596837944664
