,gene_name,Accuracy,Mutation_frequency
0,BRAF,0.47560975609756095,0.5243902439024389
