,gene_name,Accuracy,Mutation_frequency
0,APC,0.3076923076923077,0.6923076923076923
