,gene_name,Accuracy,Mutation_frequency
0,PTEN,0.4943820224719101,0.5056179775280898
