,gene_name,Accuracy,Mutation_frequency
0,TP53,0.6190476190476191,0.6285714285714286
