,gene_name,Accuracy,Mutation_frequency
0,TP53,0.6976744186046512,0.2796610169491526
