,gene_name,Accuracy,Mutation_frequency
0,PIK3CA,0.7708333333333334,0.2638888888888889
