,gene_name,Accuracy,Mutation_frequency
0,TP53,0.08333333333333333,0.9166666666666669
