,gene_name,Accuracy,Mutation_frequency
0,CTNNB1,0.7580645161290323,0.2419354838709677
