,gene_name,Accuracy,Mutation_frequency
0,TP53,0.5465116279069767,0.5465116279069768
1,FAT1,0.8372093023255814,0.1627906976744186
2,NOTCH1,0.8255813953488372,0.1511627906976744
3,CDKN2A,0.872093023255814,0.12790697674418605
4,PIK3CA,0.872093023255814,0.11627906976744184
