,gene_name,Accuracy,Mutation_frequency
0,PTEN,0.6179775280898876,0.5056179775280898
1,PIK3CA,0.6292134831460674,0.4269662921348314
2,TP53,0.6629213483146067,0.3146067415730337
3,CTNNB1,0.7078651685393258,0.3033707865168539
4,ARID1A,0.7752808988764045,0.2696629213483146
