,gene_name,Accuracy,Mutation_frequency
0,PIK3CA,0.7916666666666666,0.25
1,EP300,0.7708333333333334,0.16666666666666666
2,FBXW7,0.8333333333333334,0.125
3,HUWE1,0.7708333333333334,0.08333333333333333
4,KMT2C,0.7708333333333334,0.08333333333333333
