,gene_name,Accuracy,Mutation_frequency
0,TP53,0.6461538461538462,0.3230769230769231
1,PTEN,0.6923076923076923,0.2923076923076923
2,EGFR,0.7538461538461538,0.2307692307692308
3,NF1,0.8461538461538461,0.07692307692307693
4,PIK3CA,0.8615384615384616,0.07692307692307693
