,gene_name,Accuracy,Mutation_frequency
0,TP53,0.7058823529411765,0.1176470588235294
1,CYSLTR2,0.7058823529411765,0.05882352941176471
2,PLCB4,0.8235294117647058,0.05882352941176471
3,BCL2L11,0.7058823529411765,0.05882352941176471
4,ATF7IP,0.7058823529411765,0.05882352941176471
