,gene_name,Accuracy,Mutation_frequency
0,HRAS,0.9032258064516129,0.0967741935483871
1,EPAS1,0.9354838709677419,0.06451612903225806
2,RRAS2,0.967741935483871,0.03225806451612903
3,MGA,0.967741935483871,0.03225806451612903
4,KDM5C,0.967741935483871,0.03225806451612903
