,gene_name,Accuracy,Mutation_frequency
0,TP53,0.7142857142857143,0.3571428571428571
1,KRAS,0.7755102040816326,0.22448979591836732
2,SPTA1,0.7857142857142857,0.21428571428571425
3,APOB,0.8367346938775511,0.18367346938775508
4,PTPRD,0.8775510204081632,0.13265306122448978
