,gene_name,Accuracy,Mutation_frequency
0,TP53,0.7903225806451613,0.2258064516129032
1,CTNNB1,0.7580645161290323,0.2258064516129032
2,AXIN1,0.9354838709677419,0.06451612903225806
3,ALB,0.9032258064516129,0.06451612903225806
4,HUWE1,0.9354838709677419,0.06451612903225806
