,gene_name,Accuracy,Mutation_frequency
0,TP53,0.7023809523809523,0.2857142857142857
1,PIK3CA,0.7321428571428571,0.2797619047619048
2,CDH1,0.9285714285714286,0.05357142857142857
3,MAP3K1,0.9583333333333334,0.047619047619047616
4,KMT2C,0.9404761904761905,0.047619047619047616
