,gene_name,Accuracy,Mutation_frequency
0,TP53,0.49411764705882355,0.6352941176470586
1,SPTA1,0.8,0.2117647058823529
2,APOB,0.8235294117647058,0.17647058823529416
3,KMT2D,0.8823529411764706,0.1176470588235294
4,PIK3CA,0.8705882352941177,0.1176470588235294
