,gene_name,Accuracy,Mutation_frequency
0,PIK3CA,0.6607142857142857,0.2857142857142857
1,TP53,0.7797619047619048,0.2559523809523809
2,CDH1,0.7678571428571429,0.07142857142857142
3,NCOR1,0.7559523809523809,0.04166666666666666
4,AKT1,0.9583333333333334,0.04166666666666666
