,gene_name,Accuracy,Mutation_frequency
0,TP53,0.6615384615384615,0.3230769230769231
1,PTEN,0.7230769230769231,0.2923076923076923
2,EGFR,0.7846153846153846,0.2307692307692308
3,NF1,0.8615384615384616,0.07692307692307693
4,PIK3CA,0.7076923076923077,0.07692307692307693
