,gene_name,Accuracy,Mutation_frequency
0,TP53,0.6575342465753424,0.6301369863013699
1,NF1,0.9452054794520548,0.0547945205479452
2,ATR,0.958904109589041,0.0410958904109589
3,ZNF133,0.958904109589041,0.0410958904109589
4,SPTAN1,0.958904109589041,0.0410958904109589
