,gene_name,Accuracy,Mutation_frequency
0,BRAF,0.5975609756097561,0.5609756097560975
1,NRAS,0.8902439024390244,0.1097560975609756
2,NIPBL,0.975609756097561,0.024390243902439025
3,PTPRD,0.975609756097561,0.024390243902439025
4,PLCB4,0.9878048780487805,0.012195121951219513
