,gene_name,Accuracy,Mutation_frequency
0,TP53,0.7741935483870968,0.2258064516129032
1,CTNNB1,0.6612903225806451,0.2258064516129032
2,AXIN1,0.9354838709677419,0.06451612903225806
3,ALB,0.9354838709677419,0.06451612903225806
4,HUWE1,0.9193548387096774,0.06451612903225806
