,gene_name,Accuracy,Mutation_frequency
0,VHL,0.6785714285714286,0.3035714285714285
1,PBRM1,0.8214285714285714,0.17857142857142858
2,MTOR,0.8928571428571429,0.10714285714285714
3,SETD2,0.9285714285714286,0.07142857142857142
4,BAP1,0.9285714285714286,0.07142857142857142
