,gene_name,Accuracy,Mutation_frequency
0,BTG2,0.7142857142857143,0.42857142857142855
1,TP53,0.5714285714285714,0.42857142857142855
2,PIM1,0.8571428571428571,0.2857142857142857
3,KMT2D,0.7142857142857143,0.2857142857142857
4,CREBBP,0.7142857142857143,0.2857142857142857
