,gene_name,Accuracy,Mutation_frequency
0,CTNNB1,0.6290322580645161,0.2419354838709677
1,TP53,0.7580645161290323,0.2258064516129032
2,APOB,0.8709677419354839,0.0967741935483871
3,AXIN1,0.9193548387096774,0.08064516129032258
4,ALB,0.9193548387096774,0.08064516129032258
