,gene_name,Accuracy,Mutation_frequency
0,IDH1,0.7176470588235294,0.8352941176470585
1,TP53,0.6941176470588235,0.4235294117647059
2,CIC,0.7411764705882353,0.18823529411764706
3,ATRX,0.7647058823529411,0.1411764705882353
4,PIK3CA,0.8,0.08235294117647059
