,gene_name,Accuracy,Mutation_frequency
0,PIK3CA,0.6369047619047619,0.2857142857142857
1,TP53,0.75,0.2559523809523809
2,CDH1,0.8035714285714286,0.07142857142857142
3,NCOR1,0.7738095238095238,0.04166666666666666
4,AKT1,0.8214285714285714,0.04166666666666666
