,gene_name,Accuracy,Mutation_frequency
0,TP53,0.5211267605633803,0.4225352112676055
1,ARID1A,0.7605633802816901,0.2535211267605634
2,FGFR3,0.8028169014084507,0.1830985915492958
3,KMT2D,0.647887323943662,0.18309859154929575
4,ATM,0.8169014084507042,0.15492957746478875
