,gene_name,Accuracy,Mutation_frequency
0,KRAS,0.8333333333333334,0.7333333333333334
1,TP53,0.7333333333333333,0.5333333333333333
2,GNAS,0.8666666666666667,0.13333333333333333
3,CDKN2A,0.8666666666666667,0.13333333333333333
4,FLNA,0.9,0.1
