,gene_name,Accuracy,Mutation_frequency
0,PIK3CA,0.6607142857142857,0.2857142857142857
1,TP53,0.7321428571428571,0.2559523809523809
2,CDH1,0.7202380952380952,0.07142857142857142
3,NCOR1,0.7380952380952381,0.04166666666666666
4,AKT1,0.8273809523809523,0.04166666666666666
