,gene_name,Accuracy,Mutation_frequency
0,APC,0.46153846153846156,0.6923076923076923
1,TP53,0.5,0.6538461538461539
2,KRAS,0.34615384615384615,0.5769230769230769
3,FBXW7,0.5769230769230769,0.2307692307692308
4,PIK3CA,0.6538461538461539,0.15384615384615385
