,gene_name,Accuracy,Mutation_frequency
0,GNAQ,0.6,0.7333333333333333
1,GNA11,0.8666666666666667,0.26666666666666666
2,BAP1,0.7333333333333333,0.26666666666666666
3,SF3B1,0.5333333333333333,0.26666666666666666
4,EIF1AX,0.6666666666666666,0.2
