,gene_name,Accuracy,Mutation_frequency
0,PTEN,0.6067415730337079,0.44943820224719105
1,PIK3CA,0.651685393258427,0.4157303370786517
2,TP53,0.7752808988764045,0.2808988764044944
3,CHD4,0.797752808988764,0.24719101123595505
4,ARID1A,0.8539325842696629,0.2247191011235955
