,gene_name,Accuracy,Mutation_frequency
0,IDH1,0.7294117647058823,0.8352941176470585
1,TP53,0.6588235294117647,0.4235294117647059
2,CIC,0.8117647058823529,0.18823529411764706
3,ATRX,0.8588235294117647,0.1411764705882353
4,PIK3CA,0.9176470588235294,0.08235294117647059
