,gene_name,Accuracy,Mutation_frequency
0,SPOP,0.9125,0.08750000000000001
1,SPTA1,0.925,0.0625
2,TP53,0.9375,0.05
3,ZMYM3,0.95,0.037500000000000006
4,MED12,0.9625,0.025
