,gene_name,Accuracy,Mutation_frequency
0,HRAS,0.8064516129032258,0.1935483870967742
1,EPAS1,0.9354838709677419,0.06451612903225806
2,RET,0.9354838709677419,0.06451612903225806
3,NF1,0.9354838709677419,0.06451612903225806
4,ATR,0.967741935483871,0.03225806451612903
