,gene_name,Accuracy,Mutation_frequency
0,APC,0.4782608695652174,0.5652173913043477
1,TP53,0.5942028985507246,0.5652173913043477
2,KRAS,0.5797101449275363,0.4057971014492754
3,PIK3CA,0.7681159420289855,0.2173913043478261
4,FBXW7,0.7971014492753623,0.18840579710144928
