,gene_name,Accuracy,Mutation_frequency
0,IDH1,0.7529411764705882,0.7764705882352939
1,TP53,0.6352941176470588,0.4470588235294118
2,ATRX,0.6941176470588235,0.1882352941176471
3,PIK3CA,0.7647058823529411,0.10588235294117647
4,CIC,0.7764705882352941,0.09411764705882353
