,gene_name,Accuracy,Mutation_frequency
0,TP53,0.5058823529411764,0.6352941176470586
1,SPTA1,0.788235294117647,0.2117647058823529
2,APOB,0.8235294117647058,0.17647058823529416
3,KMT2D,0.8588235294117647,0.1176470588235294
4,PIK3CA,0.8705882352941177,0.1176470588235294
