,gene_name,Accuracy,Mutation_frequency
0,APC,0.4230769230769231,0.6923076923076923
1,TP53,0.5,0.6538461538461539
2,KRAS,0.38461538461538464,0.5769230769230769
3,FBXW7,0.6538461538461539,0.2307692307692308
4,PIK3CA,0.7692307692307693,0.15384615384615385
