,gene_name,Accuracy,Mutation_frequency
0,PIK3CA,0.6726190476190477,0.2857142857142857
1,TP53,0.7380952380952381,0.2559523809523809
2,CDH1,0.9285714285714286,0.07142857142857142
3,NCOR1,0.7797619047619048,0.04166666666666666
4,AKT1,0.8333333333333334,0.04166666666666666
