,gene_name,Accuracy,Mutation_frequency
0,VHL,0.7321428571428571,0.25
1,PBRM1,0.8392857142857143,0.1607142857142857
2,SETD2,0.8928571428571429,0.10714285714285714
3,KDM5C,0.9464285714285714,0.05357142857142857
4,MTOR,0.9464285714285714,0.05357142857142857
