,gene_name,Accuracy,Mutation_frequency
0,PTEN,0.6292134831460674,0.44943820224719105
1,PIK3CA,0.6404494382022472,0.4157303370786517
2,TP53,0.6853932584269663,0.2808988764044944
3,CHD4,0.7865168539325843,0.24719101123595505
4,ARID1A,0.8426966292134831,0.2247191011235955
