,gene_name,Accuracy,Mutation_frequency
0,KRAS,0.8666666666666667,0.6
1,TP53,0.6,0.43333333333333335
2,GNAS,0.9333333333333333,0.06666666666666668
3,SMAD4,0.8666666666666667,0.06666666666666668
4,KMT2D,0.8,0.06666666666666668
