,gene_name,Accuracy,Mutation_frequency
0,CTNNB1,0.6451612903225806,0.2419354838709677
1,TP53,0.7580645161290323,0.2258064516129032
2,APOB,0.7903225806451613,0.0967741935483871
3,AXIN1,0.8225806451612904,0.08064516129032258
4,ALB,0.8387096774193549,0.08064516129032258
