,gene_name,Accuracy,Mutation_frequency
0,PIK3CA,0.9166666666666666,0.22916666666666666
1,KMT2C,0.8541666666666666,0.16666666666666666
2,FBXW7,0.75,0.125
3,EP300,0.8333333333333334,0.125
4,HLA-A,0.75,0.08333333333333333
