,gene_name,Accuracy,Mutation_frequency
0,IDH1,0.7294117647058823,0.8352941176470585
1,TP53,0.6588235294117647,0.4235294117647059
2,CIC,0.7411764705882353,0.18823529411764706
3,ATRX,0.7764705882352941,0.1411764705882353
4,PIK3CA,0.8235294117647058,0.08235294117647059
