,gene_name,Accuracy,Mutation_frequency
0,TP53,0.6666666666666666,0.8333333333333335
1,FBXW7,0.5,0.4166666666666666
2,PIK3CA,0.6666666666666666,0.4166666666666666
3,CHD4,0.75,0.25
4,MAP3K4,0.8333333333333334,0.16666666666666666
