,gene_name,Accuracy,Mutation_frequency
0,TP53,0.676923076923077,0.26153846153846155
1,PTEN,0.6923076923076923,0.24615384615384614
2,SPTA1,0.8769230769230769,0.13846153846153847
3,EGFR,0.8769230769230769,0.13846153846153847
4,PIK3CA,0.8923076923076924,0.12307692307692307
