,gene_name,Accuracy,Mutation_frequency
0,FAT4,0.7142857142857143,0.1891891891891892
1,TP53,0.8571428571428571,0.13513513513513514
2,CREBBP,1.0,0.10810810810810813
3,FAT1,0.7142857142857143,0.10810810810810813
4,ERBB4,1.0,0.08108108108108109
5,SPEN,1.0,0.054054054054054064
6,ROS1,1.0,0.054054054054054064
7,DCHS2,1.0,0.054054054054054064
8,DCHS1,1.0,0.054054054054054064
9,INPP4B,0.8571428571428571,0.054054054054054064
