,gene_name,Accuracy,Mutation_frequency
0,TP53,0.8333333333333334,0.9166666666666669
1,PPP2R1A,0.6666666666666666,0.4166666666666666
2,FBXW7,0.4166666666666667,0.4166666666666666
3,PTEN,0.6666666666666666,0.3333333333333333
4,FOXA2,0.75,0.25
