,gene_name,Accuracy,Mutation_frequency
0,CTNNB1,0.9411764705882353,0.09782608695652173
1,TP53,0.7058823529411765,0.09782608695652173
2,FAT4,0.8235294117647058,0.043478260869565216
3,FAT3,0.8823529411764706,0.043478260869565216
4,FAT1,0.7647058823529411,0.043478260869565216
5,ERBB4,0.8235294117647058,0.03260869565217391
6,APC,0.8823529411764706,0.03260869565217391
7,NF1,1.0,0.03260869565217391
8,NOTCH3,1.0,0.03260869565217391
9,TLE4,0.8823529411764706,0.021739130434782608
