,gene_name,Accuracy,Mutation_frequency
0,B2M,0.7142857142857143,0.2857142857142857
1,MYD88,0.5714285714285714,0.2857142857142857
2,HIST1H1E,0.7142857142857143,0.2857142857142857
3,ARID5B,0.8571428571428571,0.14285714285714285
4,WHSC1,0.8571428571428571,0.14285714285714285
