,gene_name,Accuracy,Mutation_frequency
0,HRAS,0.8709677419354839,0.12903225806451613
1,RET,0.9354838709677419,0.06451612903225806
2,TAF1,0.967741935483871,0.03225806451612903
3,BCOR,0.967741935483871,0.03225806451612903
4,EPAS1,0.967741935483871,0.03225806451612903
