,gene_name,Accuracy,Mutation_frequency
0,TP53,0.5211267605633803,0.408450704225352
1,ARID1A,0.7323943661971831,0.2676056338028169
2,KMT2D,0.7605633802816901,0.2394366197183099
3,PIK3CA,0.7887323943661971,0.21126760563380284
4,ATM,0.8028169014084507,0.1971830985915493
