,gene_name,Accuracy,Mutation_frequency
0,MET,0.9019607843137255,0.07117437722419928
1,CUL3,1.0,0.028469750889679717
2,FAT1,1.0,0.028469750889679717
3,CREBBP,0.9411764705882353,0.02491103202846975
4,SPEN,0.9803921568627451,0.021352313167259784
5,TSC2,1.0,0.01779359430604982
6,NCOR1,1.0,0.01779359430604982
7,NF2,0.9803921568627451,0.01779359430604982
8,KRAS,0.9803921568627451,0.01779359430604982
9,NFE2L2,0.9411764705882353,0.01779359430604982
