,gene_name,Accuracy,Mutation_frequency
0,TP53,0.5764705882352941,0.5411764705882351
1,KMT2D,0.7764705882352941,0.18823529411764706
2,APOB,0.7294117647058823,0.1647058823529412
3,SPTA1,0.7411764705882353,0.15294117647058825
4,PIK3CA,0.8588235294117647,0.1411764705882353
