,gene_name,Accuracy,Mutation_frequency
0,CTNNB1,0.7096774193548387,0.2430939226519337
1,TP53,0.7741935483870968,0.22375690607734808
2,FAT3,1.0,0.06353591160220995
3,AXIN1,0.9354838709677419,0.046961325966850834
4,FAT2,0.9354838709677419,0.03867403314917127
5,DCHS1,0.9516129032258065,0.03867403314917127
6,FAT4,0.967741935483871,0.03591160220994475
7,DCHS2,0.9516129032258065,0.03591160220994475
8,RPS6KA3,0.9354838709677419,0.03314917127071823
9,KEAP1,1.0,0.03314917127071823
