,gene_name,Accuracy,Mutation_frequency
0,MTOR,0.9285714285714286,0.06845238095238095
1,SPEN,0.9821428571428571,0.038690476190476185
2,ROS1,0.9821428571428571,0.026785714285714284
3,ERBB4,0.9821428571428571,0.026785714285714284
4,ATM,1.0,0.026785714285714284
5,TP53,1.0,0.02083333333333333
6,FAT1,0.9821428571428571,0.02083333333333333
7,PTEN,0.9642857142857143,0.017857142857142856
8,FAT4,1.0,0.014880952380952382
9,FAT3,1.0,0.014880952380952382
