,gene_name,Accuracy,Mutation_frequency
0,APC,0.5507246376811594,0.4927536231884059
1,TP53,0.6231884057971014,0.4347826086956522
2,KRAS,0.5507246376811594,0.4202898550724638
3,PIK3CA,0.6521739130434783,0.2898550724637681
4,BRAF,0.855072463768116,0.14492753623188406
