,gene_name,Accuracy,Mutation_frequency
0,TP53,0.7653061224489796,0.3163265306122449
1,KRAS,0.7346938775510204,0.26530612244897955
2,APOB,0.826530612244898,0.17346938775510198
3,SPTA1,0.8367346938775511,0.14285714285714285
4,PTPRD,0.8673469387755102,0.14285714285714285
