,gene_name,Accuracy,Mutation_frequency
0,MET,0.8431372549019608,0.1568627450980392
1,KMT2C,0.8823529411764706,0.09803921568627452
2,SMARCA4,0.9411764705882353,0.05882352941176471
3,PBRM1,0.9411764705882353,0.05882352941176471
4,CREBBP,0.9411764705882353,0.05882352941176471
