,gene_name,Accuracy,Mutation_frequency
0,KRAS,0.8666666666666667,0.7000000000000001
1,TP53,0.5666666666666667,0.5333333333333333
2,CDKN2A,0.8333333333333334,0.16666666666666666
3,EEF2,0.8333333333333334,0.06666666666666668
4,RNF43,0.7666666666666667,0.06666666666666668
