,gene_name,Accuracy,Mutation_frequency
0,TP53,0.7142857142857143,0.29166666666666663
1,PIK3CA,0.7261904761904762,0.2857142857142857
2,CDH1,0.8928571428571429,0.09523809523809523
3,KMT2C,0.9285714285714286,0.07142857142857142
4,AKT1,0.9464285714285714,0.05357142857142857
