,gene_name,Accuracy,Mutation_frequency
0,KIT,0.84,0.10344827586206896
1,KRAS,0.88,0.06896551724137931
2,NRAS,0.96,0.03448275862068965
3,PIK3CA,0.96,0.020689655172413796
4,FAT4,1.0,0.013793103448275862
5,NOTCH3,1.0,0.013793103448275862
6,STK3,1.0,0.006896551724137931
7,SPEN,0.96,0.006896551724137931
8,MLX,0.96,0.006896551724137931
9,JAG2,1.0,0.006896551724137931
