,gene_name,Accuracy,Mutation_frequency
0,TP53,0.5492957746478874,0.408450704225352
1,KDM6A,0.7746478873239436,0.2253521126760564
2,KMT2D,0.8028169014084507,0.1971830985915493
3,PIK3CA,0.8169014084507042,0.1971830985915493
4,KMT2C,0.7464788732394366,0.18309859154929575
