,gene_name,Accuracy,Mutation_frequency
0,APC,0.5942028985507246,0.4927536231884058
1,KRAS,0.5652173913043478,0.4202898550724638
2,TP53,0.5942028985507246,0.4202898550724638
3,PIK3CA,0.6956521739130435,0.3478260869565218
4,BRAF,0.8695652173913043,0.17391304347826084
