,gene_name,Accuracy,Mutation_frequency
0,APC,0.46153846153846156,0.6923076923076923
1,TP53,0.38461538461538464,0.6538461538461539
2,KRAS,0.38461538461538464,0.5769230769230769
3,FBXW7,0.5384615384615384,0.2307692307692308
4,PIK3CA,0.8076923076923077,0.15384615384615385
