,gene_name,Accuracy,Mutation_frequency
0,TP53,0.676923076923077,0.3230769230769231
1,PTEN,0.7384615384615385,0.2923076923076923
2,EGFR,0.7538461538461538,0.2307692307692308
3,NF1,0.8153846153846154,0.07692307692307693
4,PIK3CA,0.7384615384615385,0.07692307692307693
