,gene_name,Accuracy,Mutation_frequency
0,TP53,0.5581395348837209,0.5581395348837211
1,FAT1,0.7209302325581395,0.2558139534883721
2,KMT2D,0.872093023255814,0.13953488372093026
3,CDKN2A,0.8372093023255814,0.13953488372093026
4,PIK3CA,0.872093023255814,0.13953488372093026
