,gene_name,Accuracy,Mutation_frequency
0,SPOP,0.9,0.08750000000000001
1,TP53,0.925,0.07500000000000001
2,ATM,0.9375,0.0625
3,KMT2C,0.9625,0.05
4,ATF7IP,0.975,0.037500000000000006
