,gene_name,Accuracy,Mutation_frequency
0,PIK3CA,0.6726190476190477,0.2857142857142857
1,TP53,0.7619047619047619,0.2559523809523809
2,CDH1,0.9226190476190477,0.07142857142857142
3,NCOR1,0.7321428571428571,0.04166666666666666
4,AKT1,0.9523809523809523,0.04166666666666666
