,gene_name,Accuracy,Mutation_frequency
0,TP53,0.7560975609756098,0.2439024390243903
1,RB1,0.926829268292683,0.07317073170731707
2,ATRX,0.8780487804878049,0.07317073170731707
3,PLCG1,0.9512195121951219,0.04878048780487805
4,INPPL1,0.975609756097561,0.024390243902439025
