,gene_name,Accuracy,Mutation_frequency
0,NF2,0.8461538461538461,0.15384615384615385
1,BAP1,0.8461538461538461,0.15384615384615385
2,TP53,0.7692307692307693,0.15384615384615385
3,ZFHX3,0.9230769230769231,0.07692307692307693
4,ZBTB20,0.9230769230769231,0.07692307692307693
