,gene_name,Accuracy,Mutation_frequency
0,TP53,0.5294117647058824,0.6352941176470586
1,SPTA1,0.6941176470588235,0.2117647058823529
2,APOB,0.8352941176470589,0.17647058823529416
3,KMT2D,0.788235294117647,0.1176470588235294
4,PIK3CA,0.8588235294117647,0.1176470588235294
