,gene_name,Accuracy,Mutation_frequency
0,IDH1,0.7176470588235294,0.7764705882352939
1,TP53,0.6235294117647059,0.4470588235294118
2,ATRX,0.7764705882352941,0.1882352941176471
3,PIK3CA,0.788235294117647,0.10588235294117647
4,CIC,0.8235294117647058,0.09411764705882353
