,gene_name,Accuracy,Mutation_frequency
0,TP53,0.6153846153846154,0.3230769230769231
1,PTEN,0.6153846153846154,0.2923076923076923
2,EGFR,0.7692307692307693,0.2307692307692308
3,NF1,0.7538461538461538,0.07692307692307693
4,PIK3CA,0.7384615384615385,0.07692307692307693
