,gene_name,Accuracy,Mutation_frequency
0,MET,0.8627450980392157,0.13725490196078433
1,KMT2C,0.9215686274509803,0.0784313725490196
2,SETD2,0.9411764705882353,0.05882352941176471
3,CUL3,0.9411764705882353,0.05882352941176471
4,ARID1A,0.9411764705882353,0.05882352941176471
