,gene_name,Accuracy,Mutation_frequency
0,PIK3CA,0.8125,0.22916666666666666
1,KMT2C,0.7708333333333334,0.16666666666666666
2,FBXW7,0.7083333333333334,0.125
3,EP300,0.6875,0.125
4,HLA-A,0.7916666666666666,0.08333333333333333
