,gene_name,Accuracy,Mutation_frequency
0,TP53,0.6511627906976745,0.5581395348837211
1,FAT1,0.7441860465116279,0.2558139534883721
2,KMT2D,0.8604651162790697,0.13953488372093026
3,CDKN2A,0.8488372093023255,0.13953488372093026
4,PIK3CA,0.8604651162790697,0.13953488372093026
