,gene_name,Accuracy,Mutation_frequency
0,GTF2I,0.35,0.6000000000000001
1,HRAS,0.85,0.15000000000000002
2,MAP3K4,0.95,0.05
3,SIN3A,0.95,0.05
4,EIF1AX,0.95,0.05
