,gene_name,Accuracy,Mutation_frequency
0,TP53,0.6829268292682927,0.3170731707317073
1,APC,0.9024390243902439,0.07317073170731707
2,RB1,0.9024390243902439,0.07317073170731707
3,ZFHX3,0.9512195121951219,0.04878048780487805
4,DICER1,0.9512195121951219,0.04878048780487805
