,gene_name,Accuracy,Mutation_frequency
0,TP53,1.0,0.9166666666666669
1,PPP2R1A,0.5833333333333334,0.5
2,FBXW7,0.5,0.4166666666666666
3,PIK3CA,0.5,0.3333333333333333
4,CHD4,0.6666666666666666,0.25
