,gene_name,Accuracy,Mutation_frequency
0,BAP1,0.7777777777777778,0.2222222222222222
1,ERBB2,0.7777777777777778,0.2222222222222222
2,CTNND1,0.8888888888888888,0.1111111111111111
3,FOXA2,0.8888888888888888,0.1111111111111111
4,ZFHX3,1.0,0.1111111111111111
