,gene_name,Accuracy,Mutation_frequency
0,TP53,0.5930232558139535,0.5581395348837211
1,FAT1,0.7209302325581395,0.2558139534883721
2,KMT2D,0.813953488372093,0.13953488372093026
3,CDKN2A,0.8023255813953488,0.13953488372093026
4,PIK3CA,0.8488372093023255,0.13953488372093026
