,gene_name,Accuracy,Mutation_frequency
0,BRAF,0.5365853658536586,0.5243902439024389
1,NRAS,0.926829268292683,0.07317073170731707
2,GNAS,0.975609756097561,0.024390243902439025
3,PPP2R1A,0.9878048780487805,0.012195121951219513
4,DICER1,0.9878048780487805,0.012195121951219513
