,gene_name,Accuracy,Mutation_frequency
0,TP53,0.5454545454545454,0.6666666666666667
1,SMAD4,0.8787878787878788,0.12121212121212123
2,EEF2,0.9090909090909091,0.09090909090909093
3,HUWE1,0.9393939393939394,0.09090909090909093
4,SPTA1,0.9090909090909091,0.09090909090909093
