,gene_name,Accuracy,Mutation_frequency
0,PTEN,0.6179775280898876,0.44943820224719105
1,PIK3CA,0.6179775280898876,0.4157303370786517
2,TP53,0.7078651685393258,0.2808988764044944
3,CHD4,0.7528089887640449,0.24719101123595505
4,ARID1A,0.8426966292134831,0.2247191011235955
