,gene_name,Accuracy,Mutation_frequency
0,TP53,0.8181818181818182,0.18181818181818185
1,TSC2,0.8181818181818182,0.09090909090909093
2,RASA1,0.9090909090909091,0.09090909090909093
3,RBM10,0.6363636363636364,0.09090909090909093
4,KMT2D,0.9090909090909091,0.09090909090909093
