,gene_name,Accuracy,Mutation_frequency
0,TP53,0.7244897959183674,0.4081632653061225
1,KRAS,0.7857142857142857,0.20408163265306126
2,SPTA1,0.8367346938775511,0.17346938775510204
3,APOB,0.8469387755102041,0.14285714285714285
4,PTPRD,0.8571428571428571,0.11224489795918367
