,gene_name,Accuracy,Mutation_frequency
0,TP53,0.5352112676056338,0.4225352112676055
1,ARID1A,0.7605633802816901,0.2535211267605634
2,FGFR3,0.676056338028169,0.1830985915492958
3,KMT2D,0.8309859154929577,0.18309859154929575
4,ATM,0.8169014084507042,0.15492957746478875
