,gene_name,Accuracy,Mutation_frequency
0,TP53,0.7692307692307693,0.2307692307692308
1,MAP3K4,0.9230769230769231,0.07692307692307693
2,INPPL1,0.9230769230769231,0.07692307692307693
3,ACVR1,0.9230769230769231,0.07692307692307693
4,LATS2,0.9230769230769231,0.07692307692307693
