,gene_name,Accuracy,Mutation_frequency
0,GNAQ,0.8888888888888888,0.1111111111111111
1,NUP133,0.8888888888888888,0.1111111111111111
2,BAP1,0.7777777777777778,0.1111111111111111
3,PBRM1,0.7777777777777778,0.1111111111111111
4,SPTAN1,0.7777777777777778,0.1111111111111111
