,gene_name,Accuracy,Mutation_frequency
0,APC,0.6923076923076923,0.6923076923076923
1,TP53,0.5,0.6538461538461539
2,KRAS,0.2692307692307692,0.5769230769230769
3,FBXW7,0.6153846153846154,0.2307692307692308
4,PIK3CA,0.6153846153846154,0.15384615384615385
