,gene_name,Accuracy,Mutation_frequency
0,APC,0.5362318840579711,0.4927536231884058
1,KRAS,0.5797101449275363,0.4202898550724638
2,TP53,0.6521739130434783,0.4202898550724638
3,PIK3CA,0.6666666666666666,0.3478260869565218
4,BRAF,0.8405797101449275,0.17391304347826084
