,gene_name,Accuracy,Mutation_frequency
0,TP53,0.8181818181818182,0.18181818181818185
1,MECOM,0.9090909090909091,0.09090909090909093
2,TSC2,0.9090909090909091,0.09090909090909093
3,SETD2,0.9090909090909091,0.09090909090909093
4,KMT2D,0.9090909090909091,0.09090909090909093
