,gene_name,Accuracy,Mutation_frequency
0,TP53,0.5232558139534884,0.5581395348837211
1,FAT1,0.7093023255813954,0.2558139534883721
2,KMT2D,0.8255813953488372,0.13953488372093026
3,CDKN2A,0.7790697674418605,0.13953488372093026
4,PIK3CA,0.7906976744186046,0.13953488372093026
