,gene_name,Accuracy,Mutation_frequency
0,TP53,0.6301369863013698,0.6712328767123288
1,CHD4,0.9178082191780822,0.0821917808219178
2,NF1,0.9452054794520548,0.0547945205479452
3,ZFHX3,0.958904109589041,0.0410958904109589
4,CDK12,0.958904109589041,0.0410958904109589
