,gene_name,Accuracy,Mutation_frequency
0,APC,0.7307692307692307,0.6923076923076923
1,TP53,0.5,0.6923076923076923
2,KRAS,0.5769230769230769,0.2692307692307693
3,SMAD4,0.8076923076923077,0.19230769230769232
4,FBXW7,0.8076923076923077,0.19230769230769232
