,gene_name,Accuracy,Mutation_frequency
0,CARD11,0.5714285714285714,0.42857142857142855
1,B2M,0.7142857142857143,0.2857142857142857
2,HIST1H1E,0.7142857142857143,0.2857142857142857
3,BTG2,1.0,0.2857142857142857
4,KMT2D,0.7142857142857143,0.2857142857142857
