,gene_name,Accuracy,Mutation_frequency
0,HUWE1,0.8823529411764706,0.1176470588235294
1,GNAS,0.7647058823529411,0.1176470588235294
2,ATRX,0.8823529411764706,0.1176470588235294
3,MEN1,0.8823529411764706,0.1176470588235294
4,PLCB4,0.8235294117647058,0.05882352941176471
