,gene_name,Accuracy,Mutation_frequency
0,TP53,0.7272727272727273,0.6060606060606061
1,SPTA1,0.8181818181818182,0.18181818181818185
2,CDKN2A,0.8484848484848485,0.12121212121212123
3,HUWE1,0.8484848484848485,0.09090909090909093
4,NOTCH1,0.8181818181818182,0.09090909090909093
