,gene_name,Accuracy,Mutation_frequency
0,TP53,0.7551020408163265,0.4081632653061225
1,KRAS,0.7857142857142857,0.20408163265306126
2,SPTA1,0.8367346938775511,0.17346938775510204
3,APOB,0.8469387755102041,0.14285714285714285
4,PTPRD,0.8673469387755102,0.11224489795918367
