,gene_name,Accuracy,Mutation_frequency
0,APC,0.6923076923076923,0.6923076923076923
1,TP53,0.4230769230769231,0.6923076923076923
2,KRAS,0.5384615384615384,0.2692307692307693
3,SMAD4,0.8076923076923077,0.19230769230769232
4,FBXW7,0.7692307692307693,0.19230769230769232
