,gene_name,Accuracy,Mutation_frequency
0,TP53,0.5176470588235295,0.5529411764705882
1,KMT2D,0.7647058823529411,0.2352941176470588
2,SPTA1,0.7647058823529411,0.18823529411764706
3,FAT1,0.8352941176470589,0.15294117647058825
4,NFE2L2,0.8588235294117647,0.1411764705882353
