,gene_name,Accuracy,Mutation_frequency
0,TP53,0.7346938775510204,0.4081632653061225
1,KRAS,0.7959183673469388,0.20408163265306126
2,SPTA1,0.8469387755102041,0.17346938775510204
3,APOB,0.8367346938775511,0.14285714285714285
4,PTPRD,0.8775510204081632,0.11224489795918367
