,gene_name,Accuracy,Mutation_frequency
0,TP53,0.6666666666666666,0.2857142857142857
1,PIK3CA,0.7142857142857143,0.2797619047619048
2,CDH1,0.9464285714285714,0.05357142857142857
3,MAP3K1,0.9523809523809523,0.047619047619047616
4,KMT2C,0.9345238095238095,0.047619047619047616
