,gene_name,Accuracy,Mutation_frequency
0,TP53,0.696969696969697,0.6060606060606061
1,SPTA1,0.7878787878787878,0.18181818181818185
2,CDKN2A,0.8787878787878788,0.12121212121212123
3,HUWE1,0.9393939393939394,0.09090909090909093
4,NOTCH1,0.9090909090909091,0.09090909090909093
