,gene_name,Accuracy,Mutation_frequency
0,PTEN,0.6179775280898876,0.44943820224719105
1,PIK3CA,0.6404494382022472,0.4157303370786517
2,TP53,0.7640449438202247,0.2808988764044944
3,CHD4,0.7640449438202247,0.24719101123595505
4,ARID1A,0.8539325842696629,0.2247191011235955
