,gene_name,Accuracy,Mutation_frequency
0,MET,0.8823529411764706,0.1176470588235294
1,KMT2C,0.9215686274509803,0.0784313725490196
2,SMARCA4,0.9411764705882353,0.05882352941176471
3,CUL3,0.9411764705882353,0.05882352941176471
4,NCOR1,0.9411764705882353,0.05882352941176471
