,gene_name,Accuracy,Mutation_frequency
0,GNA11,0.5333333333333333,0.5333333333333333
1,GNAQ,0.4666666666666667,0.4
2,EIF1AX,0.8,0.2
3,SF3B1,0.6666666666666666,0.2
4,PLCB4,0.8666666666666667,0.06666666666666668
