,gene_name,Accuracy,Mutation_frequency
0,PIK3CA,0.6428571428571429,0.2857142857142857
1,TP53,0.7738095238095238,0.2559523809523809
2,CDH1,0.7142857142857143,0.07142857142857142
3,NCOR1,0.7559523809523809,0.04166666666666666
4,AKT1,0.8273809523809523,0.04166666666666666
