,gene_name,Accuracy,Mutation_frequency
0,PTEN,0.5955056179775281,0.5056179775280898
1,PIK3CA,0.6292134831460674,0.4269662921348314
2,TP53,0.651685393258427,0.3146067415730337
3,CTNNB1,0.6853932584269663,0.3033707865168539
4,ARID1A,0.7303370786516854,0.2696629213483146
