,gene_name,Accuracy,Mutation_frequency
0,KMT2C,0.9411764705882353,0.1176470588235294
1,FAT1,0.9411764705882353,0.1176470588235294
2,TP53,0.9411764705882353,0.1176470588235294
3,PLCB4,0.9411764705882353,0.05882352941176471
4,BCL2L11,1.0,0.05882352941176471
