,gene_name,Accuracy,Mutation_frequency
0,GNAQ,0.6,0.4666666666666666
1,GNA11,0.4666666666666667,0.4
2,SF3B1,0.6666666666666666,0.3333333333333333
3,EIF1AX,0.8666666666666667,0.13333333333333333
4,BAP1,0.8666666666666667,0.13333333333333333
