,gene_name,Accuracy,Mutation_frequency
0,TP53,0.5529411764705883,0.5411764705882351
1,KMT2D,0.7294117647058823,0.18823529411764706
2,APOB,0.7176470588235294,0.1647058823529412
3,SPTA1,0.8352941176470589,0.15294117647058825
4,PIK3CA,0.8235294117647058,0.1411764705882353
