,gene_name,Accuracy,Mutation_frequency
0,PIK3CA,0.7708333333333334,0.16666666666666666
1,KMT2C,0.8958333333333334,0.14583333333333331
2,ARID2,0.8958333333333334,0.10416666666666666
3,NSD1,0.9375,0.10416666666666666
4,FBXW7,0.8958333333333334,0.10416666666666666
