,gene_name,Accuracy,Mutation_frequency
0,TP53,0.6438356164383562,0.7123287671232876
1,MYH9,0.9452054794520548,0.0547945205479452
2,APC,0.9452054794520548,0.0547945205479452
3,KMT2C,0.9452054794520548,0.0547945205479452
4,ATRX,0.9178082191780822,0.0547945205479452
