,gene_name,Accuracy,Mutation_frequency
0,TP53,0.7692307692307693,0.1282051282051282
1,NF2,0.8461538461538461,0.11538461538461535
2,LATS2,0.9230769230769231,0.07692307692307691
3,FAT4,1.0,0.05128205128205128
4,NCOR1,0.9230769230769231,0.038461538461538464
5,PTEN,1.0,0.02564102564102564
6,MGA,1.0,0.02564102564102564
7,LATS1,0.8461538461538461,0.02564102564102564
8,LRP5,1.0,0.01282051282051282
9,TLE4,0.9230769230769231,0.01282051282051282
