,gene_name,Accuracy,Mutation_frequency
0,TP53,0.6060606060606061,0.7272727272727273
1,KMT2D,0.7878787878787878,0.15151515151515152
2,SPTA1,0.8787878787878788,0.12121212121212123
3,DHX9,0.9090909090909091,0.09090909090909093
4,ZNF750,0.9393939393939394,0.09090909090909093
