,gene_name,Accuracy,Mutation_frequency
0,PBRM1,0.6666666666666666,0.2222222222222222
1,EPHA2,0.7777777777777778,0.2222222222222222
2,ELF3,0.7777777777777778,0.2222222222222222
3,CTNND1,0.8888888888888888,0.1111111111111111
4,FOXA2,0.7777777777777778,0.1111111111111111
