,gene_name,Accuracy,Mutation_frequency
0,TP53,0.5454545454545454,0.7272727272727273
1,KMT2D,0.8181818181818182,0.15151515151515152
2,SPTA1,0.8484848484848485,0.12121212121212123
3,DHX9,0.9090909090909091,0.09090909090909093
4,ZNF750,0.7878787878787878,0.09090909090909093
