,gene_name,Accuracy,Mutation_frequency
0,TP53,0.7083333333333334,0.29166666666666663
1,PIK3CA,0.7202380952380952,0.2857142857142857
2,CDH1,0.9047619047619048,0.09523809523809523
3,KMT2C,0.9285714285714286,0.07142857142857142
4,AKT1,0.9464285714285714,0.05357142857142857
