,gene_name,Accuracy,Mutation_frequency
0,TP53,0.8461538461538461,0.15384615384615385
1,ZFHX3,0.9230769230769231,0.07692307692307693
2,LATS2,0.9230769230769231,0.07692307692307693
3,NF2,0.9230769230769231,0.07692307692307693
4,SPTA1,0.9230769230769231,0.07692307692307693
