,gene_name,Accuracy,Mutation_frequency
0,APC,0.42028985507246375,0.5413533834586466
1,TP53,0.6956521739130435,0.468671679197995
2,KRAS,0.6231884057971014,0.4135338345864661
3,PIK3CA,0.7246376811594203,0.2756892230576441
4,FAT4,0.7246376811594203,0.2255639097744361
5,FBXW7,0.8695652173913043,0.14035087719298245
6,FAT3,0.8695652173913043,0.13533834586466165
7,BRAF,0.7971014492753623,0.13533834586466165
8,DCHS2,0.8985507246376812,0.13032581453634084
9,ATM,0.855072463768116,0.10526315789473684
