,gene_name,Accuracy,Mutation_frequency
0,EGFR,0.7692307692307693,0.2153846153846154
1,PTEN,0.7692307692307693,0.2153846153846154
2,TP53,0.7846153846153846,0.16923076923076924
3,SPTA1,0.8153846153846154,0.09230769230769233
4,PIK3R1,0.7846153846153846,0.09230769230769233
