,gene_name,Accuracy,Mutation_frequency
0,VHL,0.7857142857142857,0.21428571428571427
1,PBRM1,0.8392857142857143,0.1607142857142857
2,SETD2,0.9107142857142857,0.08928571428571427
3,ATM,0.9285714285714286,0.07142857142857142
4,SPTA1,0.9464285714285714,0.05357142857142857
