,gene_name,Accuracy,Mutation_frequency
0,TP53,0.6363636363636364,0.6885245901639345
1,NFE2L2,0.9696969696969697,0.0819672131147541
2,FAT3,0.9696969696969697,0.08196721311475409
3,PIK3CA,0.9696969696969697,0.07650273224043716
4,FAT4,0.9090909090909091,0.06557377049180327
5,SMAD4,0.9393939393939394,0.060109289617486336
6,NOTCH1,0.9696969696969697,0.060109289617486336
7,ERBB4,0.9696969696969697,0.0546448087431694
8,DCHS2,0.9393939393939394,0.049180327868852465
9,ERBB2,1.0,0.049180327868852465
