,gene_name,Accuracy,Mutation_frequency
0,TP53,0.6027397260273972,0.7123287671232876
1,MYH9,0.9452054794520548,0.0547945205479452
2,APC,0.9452054794520548,0.0547945205479452
3,KMT2C,0.9041095890410958,0.0547945205479452
4,ATRX,0.9041095890410958,0.0547945205479452
