,gene_name,Accuracy,Mutation_frequency
0,TP53,0.5930232558139535,0.5348837209302326
1,CDKN2A,0.8023255813953488,0.18604651162790692
2,PIK3CA,0.8255813953488372,0.13953488372093026
3,FAT1,0.8255813953488372,0.12790697674418605
4,KMT2C,0.8023255813953488,0.11627906976744187
