,gene_name,Accuracy,Mutation_frequency
0,TP53,0.7073170731707317,0.3414634146341464
1,ATRX,0.9024390243902439,0.0975609756097561
2,APOB,0.9512195121951219,0.07317073170731707
3,KDM5C,0.9512195121951219,0.04878048780487805
4,KEL,0.9512195121951219,0.04878048780487805
