,gene_name,Accuracy,Mutation_frequency
0,PIK3CA,0.6067415730337079,0.4606741573033708
1,PTEN,0.651685393258427,0.4044943820224719
2,TP53,0.7191011235955056,0.2808988764044944
3,ARID1A,0.7865168539325843,0.2584269662921348
4,CTNNB1,0.7191011235955056,0.2247191011235955
