,gene_name,Accuracy,Mutation_frequency
0,TP53,0.95,0.060869565217391314
1,SPEN,1.0,0.034782608695652174
2,FLT3,0.95,0.034782608695652174
3,PTPN11,0.9,0.02608695652173913
4,KRAS,0.95,0.02608695652173913
5,FAT2,0.95,0.017391304347826087
6,DCHS2,1.0,0.017391304347826087
7,CUL1,0.95,0.017391304347826087
8,ALK,0.95,0.017391304347826087
9,NF1,0.95,0.017391304347826087
