,gene_name,Accuracy,Mutation_frequency
0,HRAS,1.0,0.07272727272727272
1,NRAS,1.0,0.027272727272727268
2,TP53,0.85,0.027272727272727268
3,NF1,1.0,0.01818181818181818
4,WIF1,1.0,0.00909090909090909
5,PPP2R1A,1.0,0.00909090909090909
6,PLXNB1,0.9,0.00909090909090909
7,MTOR,0.9,0.00909090909090909
8,MAP2K1,0.95,0.00909090909090909
9,HES1,1.0,0.00909090909090909
