,gene_name,Accuracy,Mutation_frequency
0,RNF43,0.8666666666666667,0.025
1,APC,0.9333333333333333,0.025
2,SPRED1,1.0,0.0125
3,SOST,1.0,0.0125
4,ROS1,1.0,0.0125
5,PPP2R1A,1.0,0.0125
6,MTOR,1.0,0.0125
7,FAT4,1.0,0.0125
8,FAT3,1.0,0.0125
9,ERBB4,1.0,0.0125
