,gene_name,Accuracy,Mutation_frequency
0,APC,0.5072463768115942,0.4927536231884059
