,gene_name,Accuracy,Mutation_frequency
0,TP53,0.5465116279069767,0.5348837209302326
