,gene_name,Accuracy,Mutation_frequency
0,PIK3CA,0.5280898876404494,0.4606741573033708
