,gene_name,Accuracy,Mutation_frequency
0,TP53,0.9411764705882353,0.1176470588235294
