,gene_name,Accuracy,Mutation_frequency
0,VHL,0.7857142857142857,0.21428571428571427
