,gene_name,Accuracy,Mutation_frequency
0,TP53,0.5769230769230769,0.8076923076923077
