,gene_name,Accuracy,Mutation_frequency
0,TP53,0.6301369863013698,0.7123287671232876
