,gene_name,Accuracy,Mutation_frequency
0,TP53,0.6964285714285714,0.29166666666666663
