,gene_name,Accuracy,Mutation_frequency
0,BRAF,0.6707317073170732,0.4146341463414634
