,gene_name,Accuracy,Mutation_frequency
0,TP53,0.5211267605633803,0.408450704225352
