,gene_name,Accuracy,Mutation_frequency
0,TP53,0.6585365853658537,0.3414634146341464
