,gene_name,Accuracy,Mutation_frequency
0,TP53,0.5882352941176471,0.5411764705882351
