,gene_name,Accuracy,Mutation_frequency
0,TP53,0.7857142857142857,0.3163265306122449
