,gene_name,Accuracy,Mutation_frequency
0,TP53,0.7244897959183674,0.3163265306122449
