,gene_name,Accuracy,Mutation_frequency
0,BRAF,0.6341463414634146,0.4146341463414634
