,gene_name,Accuracy,Mutation_frequency
0,PTEN,0.6923076923076923,0.2153846153846154
