,gene_name,Accuracy,Mutation_frequency
0,TP53,0.8061224489795918,0.3163265306122449
