,gene_name,Accuracy,Mutation_frequency
0,TP53,0.6935483870967742,0.30645161290322576
