,gene_name,Accuracy,Mutation_frequency
0,PIK3CA,0.7916666666666666,0.16666666666666666
