,gene_name,Accuracy,Mutation_frequency
0,KRAS,0.7333333333333333,0.7000000000000001
