,gene_name,Accuracy,Mutation_frequency
0,APC,0.5507246376811594,0.4927536231884059
