,gene_name,Accuracy,Mutation_frequency
0,TP53,0.7647058823529411,0.1176470588235294
