,gene_name,Accuracy,Mutation_frequency
0,TP53,0.5454545454545454,0.7272727272727273
