,gene_name,Accuracy,Mutation_frequency
0,TP53,0.6774193548387096,0.30645161290322576
1,CTNNB1,0.7580645161290323,0.2258064516129032
2,AXIN1,0.9193548387096774,0.08064516129032258
3,SF3B1,0.9193548387096774,0.08064516129032258
4,KMT2B,0.9354838709677419,0.06451612903225806
