,gene_name,Accuracy,Mutation_frequency
0,IDH1,0.7294117647058823,0.7058823529411763
1,TP53,0.6,0.4352941176470588
2,ATRX,0.7647058823529411,0.1764705882352941
3,CIC,0.8352941176470589,0.12941176470588234
4,EGFR,0.8941176470588236,0.07058823529411765
