,gene_name,Accuracy,Mutation_frequency
0,APC,0.5797101449275363,0.4927536231884059
1,TP53,0.5797101449275363,0.4347826086956522
2,KRAS,0.4782608695652174,0.4202898550724638
3,PIK3CA,0.6811594202898551,0.2898550724637681
4,BRAF,0.8840579710144928,0.14492753623188406
