,gene_name,Accuracy,Mutation_frequency
0,PTEN,0.651685393258427,0.4536862003780718
1,PIK3CA,0.5617977528089888,0.4536862003780718
2,TP53,0.6853932584269663,0.31001890359168244
3,CTNNB1,0.797752808988764,0.2306238185255199
4,FAT4,0.8539325842696629,0.18525519848771266
5,FAT1,0.8539325842696629,0.17580340264650285
6,FAT3,0.8764044943820225,0.17013232514177695
7,KRAS,0.7865168539325843,0.17013232514177692
8,FBXW7,0.8314606741573034,0.166351606805293
9,PPP2R1A,0.797752808988764,0.15122873345935728
