,gene_name,Accuracy,Mutation_frequency
0,TP53,0.8888888888888888,0.061224489795918366
1,FGFR2,1.0,0.061224489795918366
2,PIK3CA,1.0,0.061224489795918366
3,SPRED1,1.0,0.040816326530612235
4,FLT3,1.0,0.040816326530612235
5,ARAF,0.8888888888888888,0.040816326530612235
6,ERBB2,0.8888888888888888,0.040816326530612235
7,PDGFRB,0.7777777777777778,0.020408163265306117
8,TLE4,0.7777777777777778,0.020408163265306117
9,SPEN,1.0,0.020408163265306117
