,gene_name,Accuracy,Mutation_frequency
0,BRAF,0.45,0.4795698924731184
1,FAT4,0.775,0.3010752688172043
2,FAT3,0.6875,0.2881720430107527
3,NRAS,0.75,0.2709677419354839
4,ROS1,0.775,0.17849462365591398
5,CRB1,0.8875,0.16774193548387098
6,ERBB4,0.85,0.13978494623655913
7,NOTCH4,0.9,0.13763440860215054
8,NF1,0.85,0.12258064516129033
9,DCHS2,0.875,0.12043010752688173
