,gene_name,Accuracy,Mutation_frequency
0,TP53,0.6197183098591549,0.4136253041362531
1,PIK3CA,0.676056338028169,0.1849148418491484
2,FGFR3,0.704225352112676,0.13381995133819952
3,EP300,0.7323943661971831,0.12652068126520682
4,RB1,0.8591549295774648,0.12652068126520682
5,FAT4,0.7323943661971831,0.1192214111922141
6,ATM,0.7887323943661971,0.1192214111922141
7,ERBB2,0.8028169014084507,0.1046228710462287
8,CREBBP,0.8591549295774648,0.0997566909975669
9,ERBB3,0.7887323943661971,0.09732360097323599
