,gene_name,Accuracy,Mutation_frequency
0,EGFR,0.7230769230769231,0.2153846153846154
1,PTEN,0.7538461538461538,0.2153846153846154
2,TP53,0.8,0.16923076923076924
3,SPTA1,0.8307692307692308,0.09230769230769233
4,PIK3R1,0.8307692307692308,0.09230769230769233
