,gene_name,Accuracy,Mutation_frequency
0,BRAF,0.6097560975609756,0.5482546201232033
1,NRAS,0.9390243902439024,0.08008213552361396
2,HRAS,0.975609756097561,0.034907597535934295
3,AKT1,1.0,0.01026694045174538
4,ATM,1.0,0.008213552361396304
5,KRAS,0.9878048780487805,0.008213552361396304
6,TCF7L1,0.9878048780487805,0.006160164271047228
7,CHEK2,1.0,0.006160164271047228
8,THBS2,1.0,0.004106776180698152
9,PPP2R1A,1.0,0.004106776180698152
