,gene_name,Accuracy,Mutation_frequency
0,TP53,0.8333333333333334,0.8421052631578947
1,FBXW7,0.5,0.3859649122807017
2,PIK3CA,0.5833333333333334,0.3157894736842105
3,PPP2R1A,0.6666666666666666,0.2807017543859649
4,PTEN,0.6666666666666666,0.19298245614035087
5,KRAS,1.0,0.10526315789473684
6,PDGFRB,1.0,0.07017543859649122
7,RB1,0.8333333333333334,0.07017543859649122
8,ERBB3,1.0,0.07017543859649122
9,FAT3,0.9166666666666666,0.05263157894736842
