,gene_name,Accuracy,Mutation_frequency
0,TP53,0.8875,0.07708333333333334
1,ATM,0.95,0.02708333333333333
2,DCHS2,0.9875,0.02083333333333334
3,FAT3,0.9375,0.014583333333333334
4,APC,0.95,0.014583333333333334
5,PIK3CA,0.95,0.014583333333333334
6,FAT4,0.95,0.0125
7,FAT2,0.9625,0.0125
8,CTNNB1,0.9625,0.0125
9,PTEN,0.9625,0.01041666666666667
