,gene_name,Accuracy,Mutation_frequency
0,APC,0.5217391304347826,0.4927536231884059
1,TP53,0.5797101449275363,0.4347826086956522
2,KRAS,0.5652173913043478,0.4202898550724638
3,PIK3CA,0.6521739130434783,0.2898550724637681
4,BRAF,0.8695652173913043,0.14492753623188406
