,gene_name,Accuracy,Mutation_frequency
0,TP53,0.5,0.6764705882352942
1,APC,0.6538461538461539,0.6691176470588236
2,KRAS,0.8076923076923077,0.3676470588235294
3,FAT4,0.6923076923076923,0.1764705882352941
4,FBXW7,0.8846153846153846,0.1691176470588235
5,PIK3CA,0.7307692307692307,0.14705882352941174
6,FAT3,0.8846153846153846,0.1176470588235294
7,SMAD4,0.8461538461538461,0.1176470588235294
8,ATM,0.9230769230769231,0.10294117647058824
9,NRAS,0.8461538461538461,0.09558823529411764
