,gene_name,Accuracy,Mutation_frequency
0,TP53,0.5753424657534246,0.7123287671232876
1,MYH9,0.9315068493150684,0.0547945205479452
2,APC,0.9041095890410958,0.0547945205479452
3,KMT2C,0.9041095890410958,0.0547945205479452
4,ATRX,0.9041095890410958,0.0547945205479452
