,gene_name,Accuracy,Mutation_frequency
0,KRAS,0.8,0.6705882352941176
1,TP53,0.43333333333333335,0.5117647058823529
2,SMAD4,0.8666666666666667,0.14705882352941174
3,CDKN2A,0.9,0.10588235294117647
4,FAT2,1.0,0.041176470588235294
5,RNF43,1.0,0.041176470588235294
6,TGFBR2,0.8666666666666667,0.041176470588235294
7,FAT3,0.9666666666666667,0.035294117647058816
8,ATM,1.0,0.035294117647058816
9,FAT4,0.9666666666666667,0.023529411764705882
