,gene_name,Accuracy,Mutation_frequency
0,TP53,0.8181818181818182,0.2575757575757576
1,PTEN,0.9090909090909091,0.045454545454545456
2,MTOR,1.0,0.030303030303030307
3,ATM,1.0,0.030303030303030307
4,TSC2,0.9090909090909091,0.030303030303030307
5,WWTR1,1.0,0.015151515151515154
6,TLE1,1.0,0.015151515151515154
7,TCF7L1,1.0,0.015151515151515154
8,PLXNB1,1.0,0.015151515151515154
9,NTRK3,1.0,0.015151515151515154
