,gene_name,Accuracy,Mutation_frequency
0,IDH1,0.7529411764705882,0.7058823529411763
1,TP53,0.5764705882352941,0.4352941176470588
2,ATRX,0.8235294117647058,0.1764705882352941
3,CIC,0.8705882352941177,0.12941176470588234
4,EGFR,0.9058823529411765,0.07058823529411765
