,gene_name,Accuracy,Mutation_frequency
0,TP53,0.8625,0.15000000000000002
1,SPOP,0.875,0.1125
2,CTNNB1,0.9375,0.0625
3,KMT2C,0.95,0.05
4,ATF7IP,0.9625,0.037500000000000006
