,gene_name,Accuracy,Mutation_frequency
0,BRAF,0.6097560975609756,0.4146341463414634
1,NRAS,0.8658536585365854,0.13414634146341464
2,SPTA1,0.9634146341463414,0.036585365853658534
3,HRAS,0.9634146341463414,0.036585365853658534
4,EIF1AX,0.975609756097561,0.024390243902439025
