,gene_name,Accuracy,Mutation_frequency
0,TP53,0.6615384615384615,0.26410256410256405
1,PTEN,0.5538461538461539,0.2307692307692308
2,EGFR,0.7384615384615385,0.18974358974358974
3,PIK3CA,0.7846153846153846,0.07435897435897436
4,NF1,0.7692307692307693,0.07179487179487179
5,RB1,0.7538461538461538,0.06923076923076922
6,PIK3R1,0.8,0.05128205128205128
7,FAT2,0.8,0.04102564102564103
8,PDGFRA,0.8153846153846154,0.030769230769230767
9,FAT4,0.8153846153846154,0.020512820512820516
