,gene_name,Accuracy,Mutation_frequency
0,TP53,0.7142857142857143,0.3836589698046181
1,KRAS,0.8469387755102041,0.19893428063943164
2,FAT3,0.8571428571428571,0.1669626998223801
3,KEAP1,0.8163265306122449,0.15452930728241565
4,FAT4,0.8061224489795918,0.1349911190053286
5,CRB1,0.9591836734693877,0.08703374777975134
6,NOTCH4,0.9183673469387755,0.08170515097690942
7,FAT1,0.9285714285714286,0.08170515097690942
8,NF1,0.9591836734693877,0.07815275310834813
9,STK11,0.8979591836734694,0.07815275310834813
