,gene_name,Accuracy,Mutation_frequency
0,TP53,0.5774647887323944,0.4136253041362531
1,PIK3CA,0.7605633802816901,0.1849148418491484
2,FGFR3,0.7464788732394366,0.13381995133819952
3,EP300,0.7887323943661971,0.12652068126520682
4,RB1,0.7887323943661971,0.12652068126520682
5,FAT4,0.8309859154929577,0.1192214111922141
6,ATM,0.7887323943661971,0.1192214111922141
7,ERBB2,0.7887323943661971,0.1046228710462287
8,CREBBP,0.7887323943661971,0.0997566909975669
9,ERBB3,0.7605633802816901,0.09732360097323599
