,gene_name,Accuracy,Mutation_frequency
0,TP53,0.7317073170731707,0.2796610169491526
1,RB1,0.975609756097561,0.059322033898305086
2,DCHS2,0.975609756097561,0.03389830508474576
3,FAT3,0.975609756097561,0.029661016949152543
4,FAT1,0.9512195121951219,0.029661016949152536
5,NOTCH4,1.0,0.0211864406779661
6,PIK3CA,1.0,0.0211864406779661
7,FAT2,0.975609756097561,0.01694915254237288
8,APC,1.0,0.01694915254237288
9,ATM,1.0,0.01694915254237288
