,gene_name,Accuracy,Mutation_frequency
0,PIK3CA,0.7291666666666666,0.2638888888888889
1,FBXW7,0.9375,0.11805555555555555
2,EP300,0.8541666666666666,0.11805555555555555
3,CREBBP,0.8958333333333334,0.07291666666666666
4,TP53,0.875,0.06944444444444445
5,PTEN,0.875,0.0625
6,FAT2,0.8958333333333334,0.059027777777777776
7,NOTCH1,0.875,0.059027777777777776
8,DCHS1,0.9166666666666666,0.05555555555555555
9,SPEN,0.8958333333333334,0.05208333333333333
