,gene_name,Accuracy,Mutation_frequency
0,TP53,0.5465116279069767,0.5348837209302326
1,CDKN2A,0.7906976744186046,0.18604651162790692
2,PIK3CA,0.8488372093023255,0.13953488372093026
3,FAT1,0.8372093023255814,0.12790697674418605
4,KMT2C,0.8488372093023255,0.11627906976744187
