,gene_name,Accuracy,Mutation_frequency
0,TP53,0.4230769230769231,0.8076923076923077
1,APC,0.6538461538461539,0.576923076923077
2,KRAS,0.6538461538461539,0.3461538461538461
3,FBXW7,0.7307692307692307,0.2692307692307693
4,SPTA1,0.8461538461538461,0.15384615384615385
