,gene_name,Accuracy,Mutation_frequency
0,APC,0.5797101449275363,0.5413533834586466
1,TP53,0.6811594202898551,0.468671679197995
2,KRAS,0.6376811594202898,0.4135338345864661
3,PIK3CA,0.7101449275362319,0.2756892230576441
4,FAT4,0.782608695652174,0.2255639097744361
5,FBXW7,0.8840579710144928,0.14035087719298245
6,FAT3,0.855072463768116,0.13533834586466165
7,BRAF,0.8260869565217391,0.13533834586466165
8,DCHS2,0.927536231884058,0.13032581453634084
9,ATM,0.8695652173913043,0.10526315789473684
