,gene_name,Accuracy,Mutation_frequency
0,TP53,0.5647058823529412,0.5411764705882351
1,KMT2D,0.7529411764705882,0.18823529411764706
2,APOB,0.8117647058823529,0.1647058823529412
3,SPTA1,0.788235294117647,0.15294117647058825
4,PIK3CA,0.8588235294117647,0.1411764705882353
