,gene_name,Accuracy,Mutation_frequency
0,TP53,0.6363636363636364,0.2727272727272727
1,LATS2,0.9090909090909091,0.09090909090909093
2,SPTA1,0.9090909090909091,0.09090909090909093
3,RBM10,0.9090909090909091,0.09090909090909093
4,NRAS,0.9090909090909091,0.09090909090909093
