,gene_name,Accuracy,Mutation_frequency
0,TP53,0.5454545454545454,0.6060606060606061
