,gene_name,Accuracy,Mutation_frequency
0,TP53,0.44047619047619047,0.6285714285714286
