,gene_name,Accuracy,Mutation_frequency
0,APC,0.5932203389830508,0.5413533834586466
