,gene_name,Accuracy,Mutation_frequency
0,BRAF,0.5540540540540541,0.4795698924731184
