,gene_name,Accuracy,Mutation_frequency
0,TP53,0.18181818181818182,0.18181818181818185
