,gene_name,Accuracy,Mutation_frequency
0,TP53,0.43529411764705883,0.5529411764705882
