,gene_name,Accuracy,Mutation_frequency
0,KRAS,0.7941176470588235,0.6705882352941176
