,gene_name,Accuracy,Mutation_frequency
0,VHL,0.7166666666666667,0.2648809523809524
