,gene_name,Accuracy,Mutation_frequency
0,PTEN,0.6575342465753424,0.4536862003780718
