,gene_name,Accuracy,Mutation_frequency
0,TP53,0.5411764705882353,0.5529411764705882
