,gene_name,Accuracy,Mutation_frequency
0,PIK3CA,0.691358024691358,0.2919633774160733
