,gene_name,Accuracy,Mutation_frequency
0,TP53,0.7209302325581395,0.2796610169491526
