,gene_name,Accuracy,Mutation_frequency
0,TP53,0.5925925925925926,0.6764705882352942
