,gene_name,Accuracy,Mutation_frequency
0,VHL,0.6333333333333333,0.2648809523809524
