,gene_name,Accuracy,Mutation_frequency
0,BRAF,0.5632183908045977,0.5482546201232033
