,gene_name,Accuracy,Mutation_frequency
0,TP53,0.47058823529411764,0.5529411764705882
