,gene_name,Accuracy,Mutation_frequency
0,TP53,0.8461538461538461,0.15384615384615385
