,gene_name,Accuracy,Mutation_frequency
0,TP53,0.5507246376811594,0.5652173913043477
