,gene_name,Accuracy,Mutation_frequency
0,PBRM1,0.1111111111111111,0.1111111111111111
