,gene_name,Accuracy,Mutation_frequency
0,TP53,0.6056338028169014,0.408450704225352
