,gene_name,Accuracy,Mutation_frequency
0,TP53,0.4418604651162791,0.5581395348837211
