,gene_name,Accuracy,Mutation_frequency
0,TP53,0.6020408163265306,0.4081632653061225
