,gene_name,Accuracy,Mutation_frequency
0,TP53,0.45348837209302323,0.5581395348837211
