,gene_name,Accuracy,Mutation_frequency
0,TP53,0.5757575757575758,0.6060606060606061
