,gene_name,Accuracy,Mutation_frequency
0,TP53,0.42424242424242425,0.6060606060606061
