,gene_name,Accuracy,Mutation_frequency
0,TP53,0.7333333333333333,0.2575757575757576
