,gene_name,Accuracy,Mutation_frequency
0,IDH1,0.43529411764705883,0.8352941176470585
