,gene_name,Accuracy,Mutation_frequency
0,KIT,0.8620689655172413,0.10344827586206896
