,gene_name,Accuracy,Mutation_frequency
0,TP53,0.6338028169014085,0.408450704225352
