,gene_name,Accuracy,Mutation_frequency
0,APC,0.5254237288135594,0.5413533834586466
