,gene_name,Accuracy,Mutation_frequency
0,TP53,0.4782608695652174,0.5652173913043477
