,gene_name,Accuracy,Mutation_frequency
0,TP53,0.6307692307692307,0.3230769230769231
