,gene_name,Accuracy,Mutation_frequency
0,TP53,0.4166666666666667,0.9166666666666669
