,gene_name,Accuracy,Mutation_frequency
0,TP53,0.7073170731707317,0.3170731707317073
