,gene_name,Accuracy,Mutation_frequency
0,CARD11,0.2857142857142857,0.42857142857142855
