,gene_name,Accuracy,Mutation_frequency
0,APC,0.6153846153846154,0.6923076923076923
