,gene_name,Accuracy,Mutation_frequency
0,CARD11,0.7142857142857143,0.42857142857142855
