,gene_name,Accuracy,Mutation_frequency
0,TP53,0.5357142857142857,0.6285714285714286
