,gene_name,Accuracy,Mutation_frequency
0,TP53,0.4470588235294118,0.5529411764705882
