,gene_name,Accuracy,Mutation_frequency
0,BRAF,0.5862068965517241,0.5482546201232033
