,gene_name,Accuracy,Mutation_frequency
0,VHL,0.6071428571428571,0.3035714285714285
