,gene_name,Accuracy,Mutation_frequency
0,TP53,0.6716417910447762,0.4136253041362531
