,gene_name,Accuracy,Mutation_frequency
0,TP53,0.7164179104477612,0.4136253041362531
