,gene_name,Accuracy,Mutation_frequency
0,KRAS,0.7352941176470589,0.6705882352941176
