,gene_name,Accuracy,Mutation_frequency
0,IDH1,0.7222222222222222,0.7465346534653468
