,gene_name,Accuracy,Mutation_frequency
0,TP53,0.4883720930232558,0.5581395348837211
