,gene_name,Accuracy,Mutation_frequency
0,APC,0.6440677966101694,0.5413533834586466
