,gene_name,Accuracy,Mutation_frequency
0,TP53,0.7761194029850746,0.26410256410256405
