,gene_name,Accuracy,Mutation_frequency
0,TP53,0.6764705882352942,0.6885245901639345
