,gene_name,Accuracy,Mutation_frequency
0,BRAF,0.5945945945945946,0.4795698924731184
