,gene_name,Accuracy,Mutation_frequency
0,IDH1,0.47058823529411764,0.8352941176470585
