,gene_name,Accuracy,Mutation_frequency
0,TP53,0.6428571428571429,0.3836589698046181
