,gene_name,Accuracy,Mutation_frequency
0,TP53,0.8095238095238095,0.09782608695652173
