,gene_name,Accuracy,Mutation_frequency
0,IDH1,0.5058823529411764,0.8352941176470585
