,gene_name,Accuracy,Mutation_frequency
0,TP53,0.5362318840579711,0.5652173913043477
