,gene_name,Accuracy,Mutation_frequency
0,TP53,0.6588235294117647,0.533596837944664
