,gene_name,Accuracy,Mutation_frequency
0,TP53,0.4823529411764706,0.5529411764705882
