,gene_name,Accuracy,Mutation_frequency
0,KRAS,0.7647058823529411,0.6705882352941176
