,gene_name,Accuracy,Mutation_frequency
0,PBRM1,0.5555555555555556,0.1111111111111111
