,gene_name,Accuracy,Mutation_frequency
0,TP53,0.5538461538461539,0.3230769230769231
