,gene_name,Accuracy,Mutation_frequency
0,TP53,0.16666666666666666,0.9166666666666669
