,gene_name,Accuracy,Mutation_frequency
0,MET,0.13725490196078433,0.13725490196078433
