,gene_name,Accuracy,Mutation_frequency
0,TP53,0.5692307692307692,0.3230769230769231
