,gene_name,Accuracy,Mutation_frequency
0,TP53,0.6224489795918368,0.4081632653061225
