,gene_name,Accuracy,Mutation_frequency
0,TP53,0.6632653061224489,0.3836589698046181
