,gene_name,Accuracy,Mutation_frequency
0,TP53,0.48148148148148145,0.6764705882352942
