,gene_name,Accuracy,Mutation_frequency
0,PTEN,0.6438356164383562,0.4536862003780718
