,gene_name,Accuracy,Mutation_frequency
0,CARD11,0.8571428571428571,0.42857142857142855
