,gene_name,Accuracy,Mutation_frequency
0,IDH1,0.36470588235294116,0.8352941176470585
