,gene_name,Accuracy,Mutation_frequency
0,TP53,0.5970149253731343,0.4136253041362531
