,gene_name,Accuracy,Mutation_frequency
0,TP53,0.3835616438356164,0.6712328767123288
