,gene_name,Accuracy,Mutation_frequency
0,CTNNB1,0.7096774193548387,0.2419354838709677
