,gene_name,Accuracy,Mutation_frequency
0,IDH1,0.4117647058823529,0.8352941176470585
