,gene_name,Accuracy,Mutation_frequency
0,IDH1,0.6823529411764706,0.8352941176470585
