,gene_name,Accuracy,Mutation_frequency
0,TP53,0.4084507042253521,0.408450704225352
