,gene_name,Accuracy,Mutation_frequency
0,BRAF,0.6621621621621622,0.4795698924731184
