,gene_name,Accuracy,Mutation_frequency
0,TP53,0.463768115942029,0.5652173913043477
