,gene_name,Accuracy,Mutation_frequency
0,TP53,0.48484848484848486,0.6060606060606061
