,gene_name,Accuracy,Mutation_frequency
0,CTNNB1,0.6612903225806451,0.2419354838709677
