,gene_name,Accuracy,Mutation_frequency
0,TP53,0.3698630136986301,0.6712328767123288
