,gene_name,Accuracy,Mutation_frequency
0,IDH1,0.3764705882352941,0.8352941176470585
