,gene_name,Accuracy,Mutation_frequency
0,BRAF,0.4634146341463415,0.5243902439024389
