,gene_name,Accuracy,Mutation_frequency
0,TP53,0.6705882352941176,0.533596837944664
