,gene_name,Accuracy,Mutation_frequency
0,BRAF,0.6351351351351351,0.4795698924731184
