,gene_name,Accuracy,Mutation_frequency
0,PTEN,0.6301369863013698,0.4536862003780718
