,gene_name,Accuracy,Mutation_frequency
0,TP53,0.6363636363636364,0.6060606060606061
