,gene_name,Accuracy,Mutation_frequency
0,BRAF,0.6436781609195402,0.5482546201232033
