,gene_name,Accuracy,Mutation_frequency
0,TP53,0.4927536231884058,0.5652173913043477
