,gene_name,Accuracy,Mutation_frequency
0,PBRM1,0.4444444444444444,0.1111111111111111
