,gene_name,Accuracy,Mutation_frequency
0,CARD11,0.5714285714285714,0.42857142857142855
