,gene_name,Accuracy,Mutation_frequency
0,GNA11,0.6666666666666666,0.5333333333333333
