,gene_name,Accuracy,Mutation_frequency
0,PTEN,0.5730337078651685,0.5056179775280898
