,gene_name,Accuracy,Mutation_frequency
0,TP53,0.46511627906976744,0.5581395348837211
