,gene_name,Accuracy,Mutation_frequency
0,BRAF,0.4878048780487805,0.5243902439024389
