,gene_name,Accuracy,Mutation_frequency
0,PIK3CA,0.7037037037037037,0.2919633774160733
