,gene_name,Accuracy,Mutation_frequency
0,IDH1,0.3411764705882353,0.8352941176470585
