,gene_name,Accuracy,Mutation_frequency
0,TP53,0.3287671232876712,0.6712328767123288
