,gene_name,Accuracy,Mutation_frequency
0,TP53,0.5915492957746479,0.408450704225352
