,gene_name,Accuracy,Mutation_frequency
0,IDH1,0.6666666666666666,0.12244897959183673
