,gene_name,Accuracy,Mutation_frequency
0,IDH1,0.7444444444444445,0.7465346534653468
