,gene_name,Accuracy,Mutation_frequency
0,BRAF,0.6551724137931034,0.5482546201232033
