,gene_name,Accuracy,Mutation_frequency
0,TP53,0.4520547945205479,0.6712328767123288
