,gene_name,Accuracy,Mutation_frequency
0,TP53,0.5176470588235295,0.5529411764705882
