,gene_name,Accuracy,Mutation_frequency
0,TP53,0.5774647887323944,0.408450704225352
