,gene_name,Accuracy,Mutation_frequency
0,TP53,0.5384615384615384,0.3230769230769231
