,gene_name,Accuracy,Mutation_frequency
0,PIK3CA,0.7202380952380952,0.2857142857142857
