,gene_name,Accuracy,Mutation_frequency
0,APC,0.34615384615384615,0.6923076923076923
