,gene_name,Accuracy,Mutation_frequency
0,PTEN,0.6067415730337079,0.5056179775280898
