,gene_name,Accuracy,Mutation_frequency
0,IDH1,0.6941176470588235,0.8352941176470585
