,gene_name,Accuracy,Mutation_frequency
0,GNA11,0.4666666666666667,0.5333333333333333
