,gene_name,Accuracy,Mutation_frequency
0,PIK3CA,0.6964285714285714,0.2857142857142857
