,gene_name,Accuracy,Mutation_frequency
0,TP53,0.7611940298507462,0.26410256410256405
