,gene_name,Accuracy,Mutation_frequency
0,PIK3CA,0.7098765432098766,0.2919633774160733
