,gene_name,Accuracy,Mutation_frequency
0,TP53,0.5952380952380952,0.6285714285714286
