,gene_name,Accuracy,Mutation_frequency
0,PTEN,0.5955056179775281,0.5056179775280898
