,gene_name,Accuracy,Mutation_frequency
0,IDH1,0.49411764705882355,0.8352941176470585
