,gene_name,Accuracy,Mutation_frequency
0,APC,0.4067796610169492,0.5413533834586466
