,gene_name,Accuracy,Mutation_frequency
0,TP53,0.7910447761194029,0.26410256410256405
