,gene_name,Accuracy,Mutation_frequency
0,TP53,0.5217391304347826,0.5652173913043477
