,gene_name,Accuracy,Mutation_frequency
0,PIK3CA,0.6975308641975309,0.2919633774160733
