,gene_name,Accuracy,Mutation_frequency
0,TP53,0.6296296296296297,0.6764705882352942
