,gene_name,Accuracy,Mutation_frequency
0,TP53,0.5833333333333334,0.9166666666666669
