,gene_name,Accuracy,Mutation_frequency
0,TP53,0.40816326530612246,0.4081632653061225
