,gene_name,Accuracy,Mutation_frequency
0,PTEN,0.651685393258427,0.5056179775280898
