,gene_name,Accuracy,Mutation_frequency
0,TP53,0.5072463768115942,0.5652173913043477
