,gene_name,Accuracy,Mutation_frequency
0,TP53,0.5714285714285714,0.6285714285714286
