,gene_name,Accuracy,Mutation_frequency
0,TP53,0.410958904109589,0.6712328767123288
