,gene_name,Accuracy,Mutation_frequency
0,TP53,0.5942028985507246,0.5652173913043477
