,gene_name,Accuracy,Mutation_frequency
0,TP53,0.6530612244897959,0.3836589698046181
