,gene_name,Accuracy,Mutation_frequency
0,IDH1,0.5176470588235295,0.8352941176470585
