,gene_name,Accuracy,Mutation_frequency
0,PIK3CA,0.7291666666666666,0.22916666666666666
