,gene_name,Accuracy,Mutation_frequency
0,CARD11,0.42857142857142855,0.42857142857142855
