,gene_name,Accuracy,Mutation_frequency
0,TP53,0.5609756097560976,0.3170731707317073
