,gene_name,Accuracy,Mutation_frequency
0,TP53,0.8571428571428571,0.09782608695652173
