,gene_name,Accuracy,Mutation_frequency
0,APC,0.576271186440678,0.5413533834586466
