,gene_name,Accuracy,Mutation_frequency
0,CTNNB1,0.7419354838709677,0.2419354838709677
