,gene_name,Accuracy,Mutation_frequency
0,TP53,0.7619047619047619,0.09782608695652173
