,gene_name,Accuracy,Mutation_frequency
0,IDH1,0.7777777777777778,0.7465346534653468
