,gene_name,Accuracy,Mutation_frequency
0,PIK3CA,0.5833333333333334,0.2857142857142857
