,gene_name,Accuracy,Mutation_frequency
0,TP53,0.5846153846153846,0.3230769230769231
