,gene_name,Accuracy,Mutation_frequency
0,TP53,0.4069767441860465,0.5581395348837211
