,gene_name,Accuracy,Mutation_frequency
0,TP53,0.6153846153846154,0.8421052631578947
