,gene_name,Accuracy,Mutation_frequency
0,BRAF,0.6756756756756757,0.4795698924731184
