,gene_name,Accuracy,Mutation_frequency
0,IDH1,0.7333333333333333,0.7465346534653468
