,gene_name,Accuracy,Mutation_frequency
0,TP53,0.3424657534246575,0.6712328767123288
