,gene_name,Accuracy,Mutation_frequency
0,TP53,0.3076923076923077,0.15384615384615385
