,gene_name,Accuracy,Mutation_frequency
0,TP53,0.6823529411764706,0.533596837944664
