,gene_name,Accuracy,Mutation_frequency
0,TP53,0.43478260869565216,0.5652173913043477
