,gene_name,Accuracy,Mutation_frequency
0,TP53,0.3561643835616438,0.6712328767123288
