,gene_name,Accuracy,Mutation_frequency
0,PIK3CA,0.6904761904761905,0.2857142857142857
