,gene_name,Accuracy,Mutation_frequency
0,TP53,0.42028985507246375,0.5652173913043477
