,gene_name,Accuracy,Mutation_frequency
0,PTEN,0.5842696629213483,0.5056179775280898
