,gene_name,Accuracy,Mutation_frequency
0,TP53,0.15384615384615385,0.15384615384615385
