,gene_name,Accuracy,Mutation_frequency
0,TP53,0.5918367346938775,0.4081632653061225
