,gene_name,Accuracy,Mutation_frequency
0,TP53,0.6352941176470588,0.533596837944664
