,gene_name,Accuracy,Mutation_frequency
0,CTNNB1,0.7258064516129032,0.2419354838709677
