,gene_name,Accuracy,Mutation_frequency
0,TP53,0.7014925373134329,0.4136253041362531
