,gene_name,Accuracy,Mutation_frequency
0,TP53,0.5595238095238095,0.6285714285714286
