,gene_name,Accuracy,Mutation_frequency
0,IDH1,0.6588235294117647,0.8352941176470585
