,gene_name,Accuracy,Mutation_frequency
0,TP53,0.6046511627906976,0.5581395348837211
