,gene_name,Accuracy,Mutation_frequency
0,TP53,0.4383561643835616,0.6712328767123288
