,gene_name,Accuracy,Mutation_frequency
0,TP53,0.6162790697674418,0.5465116279069768
