,gene_name,Accuracy,Mutation_frequency
0,PIK3CA,0.5393258426966292,0.4606741573033708
