,gene_name,Accuracy,Mutation_frequency
0,MET,0.8627450980392157,0.13725490196078433
