,gene_name,Accuracy,Mutation_frequency
0,MET,0.7058823529411765,0.13725490196078433
