,gene_name,Accuracy,Mutation_frequency
0,PIK3CA,0.6845238095238095,0.2857142857142857
