,gene_name,Accuracy,Mutation_frequency
0,PIK3CA,0.6607142857142857,0.2857142857142857
