,gene_name,Accuracy,Mutation_frequency
0,TP53,0.6923076923076923,0.15384615384615385
