,gene_name,Accuracy,Mutation_frequency
0,FBXW7,0.5384615384615384,0.2307692307692308
