,gene_name,Accuracy,Mutation_frequency
0,PIK3CA,0.6428571428571429,0.2857142857142857
