,gene_name,Accuracy,Mutation_frequency
0,BRAF,0.6585365853658537,0.4146341463414634
