,gene_name,Accuracy,Mutation_frequency
0,TP53,0.6836734693877551,0.4081632653061225
