,gene_name,Accuracy,Mutation_frequency
0,TP53,0.49411764705882355,0.5529411764705882
