,gene_name,Accuracy,Mutation_frequency
0,CDKN2A,0.8787878787878788,0.12121212121212123
