,gene_name,Accuracy,Mutation_frequency
0,TP53,0.7419354838709677,0.2258064516129032
