,gene_name,Accuracy,Mutation_frequency
0,TP53,0.6666666666666666,0.6666666666666667
