,gene_name,Accuracy,Mutation_frequency
0,TP53,0.3972602739726027,0.6712328767123288
