,gene_name,Accuracy,Mutation_frequency
0,TP53,0.7560975609756098,0.2439024390243903
