,gene_name,Accuracy,Mutation_frequency
0,FBXW7,0.5769230769230769,0.2307692307692308
