,gene_name,Accuracy,Mutation_frequency
0,TP53,0.7741935483870968,0.2258064516129032
