,gene_name,Accuracy,Mutation_frequency
0,TP53,0.7346938775510204,0.4081632653061225
