,gene_name,Accuracy,Mutation_frequency
0,PIK3CA,0.6726190476190477,0.2857142857142857
