,gene_name,Accuracy,Mutation_frequency
0,FBXW7,0.6923076923076923,0.2307692307692308
