,gene_name,Accuracy,Mutation_frequency
0,TP53,0.627906976744186,0.5465116279069768
