,gene_name,Accuracy,Mutation_frequency
0,TP53,0.5294117647058824,0.5529411764705882
