,gene_name,Accuracy,Mutation_frequency
0,TP53,0.6705882352941176,0.4235294117647059
