,gene_name,Accuracy,Mutation_frequency
0,CTNNB1,0.6774193548387096,0.2419354838709677
