,gene_name,Accuracy,Mutation_frequency
0,TP53,0.7023809523809523,0.29166666666666663
