,gene_name,Accuracy,Mutation_frequency
0,TP53,0.5151515151515151,0.7272727272727273
