,gene_name,Accuracy,Mutation_frequency
0,APC,0.5652173913043478,0.4927536231884059
