,gene_name,Accuracy,Mutation_frequency
0,TP53,0.5492957746478874,0.408450704225352
