,gene_name,Accuracy,Mutation_frequency
0,TP53,0.4230769230769231,0.6923076923076923
