,gene_name,Accuracy,Mutation_frequency
0,PIK3CA,0.5842696629213483,0.4606741573033708
