,gene_name,Accuracy,Mutation_frequency
0,VHL,0.6964285714285714,0.3035714285714285
