,gene_name,Accuracy,Mutation_frequency
0,NRAS,0.926829268292683,0.07317073170731707
