,gene_name,Accuracy,Mutation_frequency
0,TP53,0.7317073170731707,0.3170731707317073
