,gene_name,Accuracy,Mutation_frequency
0,GNAQ,0.5333333333333333,0.4666666666666666
