,gene_name,Accuracy,Mutation_frequency
0,TP53,0.7230769230769231,0.26153846153846155
