,gene_name,Accuracy,Mutation_frequency
0,IDH1,0.7294117647058823,0.8352941176470585
