,gene_name,Accuracy,Mutation_frequency
0,MET,0.8431372549019608,0.1568627450980392
