,gene_name,Accuracy,Mutation_frequency
0,PBRM1,0.8888888888888888,0.1111111111111111
