,gene_name,Accuracy,Mutation_frequency
0,BRAF,0.5975609756097561,0.5609756097560975
