,gene_name,Accuracy,Mutation_frequency
0,TP53,0.7272727272727273,0.2727272727272727
