,gene_name,Accuracy,Mutation_frequency
0,IDH1,0.7176470588235294,0.8352941176470585
