,gene_name,Accuracy,Mutation_frequency
0,TP53,0.5176470588235295,0.6352941176470586
