,gene_name,Accuracy,Mutation_frequency
0,PIK3CA,0.6292134831460674,0.4269662921348314
