,gene_name,Accuracy,Mutation_frequency
0,CTNNB1,0.6935483870967742,0.2419354838709677
