,gene_name,Accuracy,Mutation_frequency
0,TP53,0.4588235294117647,0.5529411764705882
