,gene_name,Accuracy,Mutation_frequency
0,MET,0.7450980392156863,0.13725490196078433
