,gene_name,Accuracy,Mutation_frequency
0,PIK3CA,0.6547619047619048,0.2857142857142857
