,gene_name,Accuracy,Mutation_frequency
0,MYD88,0.7142857142857143,0.2857142857142857
