,gene_name,Accuracy,Mutation_frequency
0,HRAS,0.8709677419354839,0.12903225806451613
