,gene_name,Accuracy,Mutation_frequency
0,TP53,0.7580645161290323,0.2258064516129032
