,gene_name,Accuracy,Mutation_frequency
0,TP53,0.5633802816901409,0.4225352112676055
