,gene_name,Accuracy,Mutation_frequency
0,VHL,0.6428571428571429,0.3035714285714285
