,gene_name,Accuracy,Mutation_frequency
0,APC,0.38461538461538464,0.6923076923076923
