,gene_name,Accuracy,Mutation_frequency
0,TP53,0.6451612903225806,0.30645161290322576
