,gene_name,Accuracy,Mutation_frequency
0,KRAS,0.8333333333333334,0.7333333333333334
