,gene_name,Accuracy,Mutation_frequency
0,PIK3CA,0.6666666666666666,0.2857142857142857
