,gene_name,Accuracy,Mutation_frequency
0,TP53,0.676923076923077,0.26153846153846155
