,gene_name,Accuracy,Mutation_frequency
0,TP53,0.7083333333333334,0.2857142857142857
