,gene_name,Accuracy,Mutation_frequency
0,TP53,0.5352112676056338,0.408450704225352
