,gene_name,Accuracy,Mutation_frequency
0,CTNNB1,0.6290322580645161,0.2419354838709677
