,gene_name,Accuracy,Mutation_frequency
0,TP53,0.6164383561643836,0.6301369863013699
