,gene_name,Accuracy,Mutation_frequency
0,TP53,0.6923076923076923,0.26153846153846155
