,gene_name,Accuracy,Mutation_frequency
0,TP53,0.5384615384615384,0.8076923076923077
