,gene_name,Accuracy,Mutation_frequency
0,APC,0.5217391304347826,0.4927536231884059
