,gene_name,Accuracy,Mutation_frequency
0,APC,0.5384615384615384,0.6923076923076923
