,gene_name,Accuracy,Mutation_frequency
0,TP53,0.7755102040816326,0.3163265306122449
