,gene_name,Accuracy,Mutation_frequency
0,VHL,0.6607142857142857,0.3035714285714285
