,gene_name,Accuracy,Mutation_frequency
0,TP53,0.6060606060606061,0.7272727272727273
