,gene_name,Accuracy,Mutation_frequency
0,PIK3CA,0.5056179775280899,0.4606741573033708
