,gene_name,Accuracy,Mutation_frequency
0,BAP1,0.7777777777777778,0.2222222222222222
