,gene_name,Accuracy,Mutation_frequency
0,TP53,0.6438356164383562,0.6301369863013699
