,gene_name,Accuracy,Mutation_frequency
0,KRAS,0.5797101449275363,0.4057971014492754
