,gene_name,Accuracy,Mutation_frequency
0,TP53,0.7575757575757576,0.6060606060606061
