,gene_name,Accuracy,Mutation_frequency
0,NF1,0.9452054794520548,0.0547945205479452
