,gene_name,Accuracy,Mutation_frequency
0,TP53,0.7551020408163265,0.4081632653061225
