,gene_name,Accuracy,Mutation_frequency
0,KRAS,0.5652173913043478,0.4057971014492754
