,gene_name,Accuracy,Mutation_frequency
0,TP53,0.7692307692307693,0.2307692307692308
