,gene_name,Accuracy,Mutation_frequency
0,TP53,0.6341463414634146,0.3170731707317073
