,gene_name,Accuracy,Mutation_frequency
0,IDH1,0.7529411764705882,0.7764705882352939
