,gene_name,Accuracy,Mutation_frequency
0,TP53,0.5666666666666667,0.43333333333333335
