,gene_name,Accuracy,Mutation_frequency
0,IDH1,0.7411764705882353,0.7058823529411763
