,gene_name,Accuracy,Mutation_frequency
0,TP53,0.5774647887323944,0.4225352112676055
