,gene_name,Accuracy,Mutation_frequency
0,TP53,0.6774193548387096,0.30645161290322576
