,gene_name,Accuracy,Mutation_frequency
0,APC,0.6086956521739131,0.4927536231884058
