,gene_name,Accuracy,Mutation_frequency
0,HRAS,0.8064516129032258,0.1935483870967742
