,gene_name,Accuracy,Mutation_frequency
0,PTEN,0.6179775280898876,0.44943820224719105
