,gene_name,Accuracy,Mutation_frequency
0,TP53,0.6231884057971014,0.5652173913043477
