,gene_name,Accuracy,Mutation_frequency
0,TP53,0.6352941176470588,0.4235294117647059
