,gene_name,Accuracy,Mutation_frequency
0,TP53,0.7040816326530612,0.3571428571428571
