,gene_name,Accuracy,Mutation_frequency
0,TP53,0.5116279069767442,0.5465116279069768
