,gene_name,Accuracy,Mutation_frequency
0,CTNNB1,0.6451612903225806,0.2419354838709677
