,gene_name,Accuracy,Mutation_frequency
0,IDH1,0.4235294117647059,0.8352941176470585
