,gene_name,Accuracy,Mutation_frequency
0,TP53,0.6823529411764706,0.6352941176470586
