,gene_name,Accuracy,Mutation_frequency
0,TP53,0.5764705882352941,0.5529411764705882
