,gene_name,Accuracy,Mutation_frequency
0,TP53,0.6538461538461539,0.6923076923076923
