,gene_name,Accuracy,Mutation_frequency
0,PTEN,0.6292134831460674,0.44943820224719105
