,gene_name,Accuracy,Mutation_frequency
0,TP53,0.726027397260274,0.6712328767123288
