,gene_name,Accuracy,Mutation_frequency
0,TP53,0.684931506849315,0.6712328767123288
