,gene_name,Accuracy,Mutation_frequency
0,PIK3CA,0.6785714285714286,0.2857142857142857
