,gene_name,Accuracy,Mutation_frequency
0,TP53,0.5058823529411764,0.6352941176470586
