,gene_name,Accuracy,Mutation_frequency
0,PTEN,0.6067415730337079,0.44943820224719105
