,gene_name,Accuracy,Mutation_frequency
0,TP53,0.6470588235294118,0.1176470588235294
