,gene_name,Accuracy,Mutation_frequency
0,BRAF,0.524390243902439,0.5243902439024389
