,gene_name,Accuracy,Mutation_frequency
0,BRAF,0.573170731707317,0.5609756097560975
