,gene_name,Accuracy,Mutation_frequency
0,TP53,0.5797101449275363,0.5652173913043477
