,gene_name,Accuracy,Mutation_frequency
0,CDKN2A,0.8484848484848485,0.12121212121212123
