,gene_name,Accuracy,Mutation_frequency
0,FBXW7,0.6153846153846154,0.2307692307692308
