,gene_name,Accuracy,Mutation_frequency
0,PIK3CA,0.5952380952380952,0.2857142857142857
