,gene_name,Accuracy,Mutation_frequency
0,PTEN,0.7846153846153846,0.2153846153846154
