,gene_name,Accuracy,Mutation_frequency
0,APC,0.5797101449275363,0.4927536231884058
