,gene_name,Accuracy,Mutation_frequency
0,TP53,0.6376811594202898,0.5652173913043477
