,gene_name,Accuracy,Mutation_frequency
0,TP53,0.8235294117647058,0.1176470588235294
