,gene_name,Accuracy,Mutation_frequency
0,TP53,0.5769230769230769,0.6923076923076923
