,gene_name,Accuracy,Mutation_frequency
0,TP53,0.9090909090909091,0.18181818181818185
