,gene_name,Accuracy,Mutation_frequency
0,KMT2D,0.7529411764705882,0.2352941176470588
