,gene_name,Accuracy,Mutation_frequency
0,TP53,0.5232558139534884,0.5581395348837211
