,gene_name,Accuracy,Mutation_frequency
0,PIK3CA,0.6179775280898876,0.4269662921348314
