,gene_name,Accuracy,Mutation_frequency
0,TP53,0.6027397260273972,0.6301369863013699
