,gene_name,Accuracy,Mutation_frequency
0,PBRM1,0.6666666666666666,0.1111111111111111
