,gene_name,Accuracy,Mutation_frequency
0,APC,0.5362318840579711,0.4927536231884058
