,gene_name,Accuracy,Mutation_frequency
0,TP53,0.5529411764705883,0.5411764705882351
