,gene_name,Accuracy,Mutation_frequency
0,FAT1,0.686046511627907,0.2558139534883721
