,gene_name,Accuracy,Mutation_frequency
0,TP53,0.8181818181818182,0.2727272727272727
