,gene_name,Accuracy,Mutation_frequency
0,PBRM1,0.7777777777777778,0.1111111111111111
