,gene_name,Accuracy,Mutation_frequency
0,TP53,0.5697674418604651,0.5465116279069768
