,gene_name,Accuracy,Mutation_frequency
0,TP53,0.696969696969697,0.6060606060606061
