,gene_name,Accuracy,Mutation_frequency
0,CTNNB1,0.5967741935483871,0.2419354838709677
