,gene_name,Accuracy,Mutation_frequency
0,TP53,0.5581395348837209,0.5581395348837211
