,gene_name,Accuracy,Mutation_frequency
0,TP53,0.8823529411764706,0.1176470588235294
