,gene_name,Accuracy,Mutation_frequency
0,TP53,0.6461538461538462,0.26153846153846155
