,gene_name,Accuracy,Mutation_frequency
0,TP53,0.6615384615384615,0.3230769230769231
