,gene_name,Accuracy,Mutation_frequency
0,TP53,0.6829268292682927,0.3170731707317073
