,gene_name,Accuracy,Mutation_frequency
0,PTEN,0.6404494382022472,0.44943820224719105
