,gene_name,Accuracy,Mutation_frequency
0,KMT2D,0.7411764705882353,0.2352941176470588
