,gene_name,Accuracy,Mutation_frequency
0,MEN1,0.7058823529411765,0.1176470588235294
