,gene_name,Accuracy,Mutation_frequency
0,VHL,0.6785714285714286,0.3035714285714285
