,gene_name,Accuracy,Mutation_frequency
0,FAT1,0.6976744186046512,0.2558139534883721
