,gene_name,Accuracy,Mutation_frequency
0,PTEN,0.8153846153846154,0.2153846153846154
