,gene_name,Accuracy,Mutation_frequency
0,TP53,0.6612903225806451,0.30645161290322576
