,gene_name,Accuracy,Mutation_frequency
0,TP53,0.47674418604651164,0.5581395348837211
