,gene_name,Accuracy,Mutation_frequency
0,BRAF,0.6219512195121951,0.4146341463414634
