,gene_name,Accuracy,Mutation_frequency
0,TP53,0.5930232558139535,0.5581395348837211
