,gene_name,Accuracy,Mutation_frequency
0,PIK3CA,0.6309523809523809,0.2857142857142857
