,gene_name,Accuracy,Mutation_frequency
0,IDH1,0.7058823529411765,0.7058823529411763
