,gene_name,Accuracy,Mutation_frequency
0,FAT1,0.7441860465116279,0.2558139534883721
